id,name,realm,level,class_id,race_id,rank,ilvl,last_login
411972,Hellgnome,grim-batol,90,9,1,6,235,2026-03-14 20:21:27
881626,Trix,korgall,90,9,1,7,219,2026-03-15 22:57:48
34321071,Endar,drakthul,80,2,1,6,145,2026-03-05 19:09:03
66053163,Saeko,hellscream,90,5,4,4,243,2026-03-16 00:37:46
74897026,Hotmezz,korgall,68,7,3,8,51,2026-03-15 16:37:54
83940663,Aztella,bloodscalp,80,3,10,6,86,2026-03-15 21:45:48
85508890,Lookatmebaby,burning-steppes,90,1,11,6,239,2026-03-16 12:32:43
85639235,Kwagga,burning-steppes,90,5,1,4,213,2026-03-15 19:54:38
85870907,Elgaros,burning-steppes,80,5,1,7,686,2026-01-11 20:40:53
87675764,Rusuu,executus,88,3,3,6,175,2026-03-15 17:41:27
88214463,Coldwarz,executus,80,8,1,8,97,2026-03-06 13:38:47
98166633,Boychefkok,bloodfeather,90,2,1,7,180,2026-03-15 22:27:43
98377281,Fetalouda,bloodfeather,80,2,1,9,629,2025-11-15 16:51:57
101432743,Mistapeepee,draenor,90,7,8,7,230,2026-03-16 13:31:39
101911674,Lowtide,korgall,74,8,1,9,454,2026-01-09 22:48:48
103934172,Didan,veknilash,80,7,11,5,634,2025-12-08 19:43:51
104274165,Béarpró,shattered-hand,80,11,22,6,105,2026-03-15 10:43:54
104280042,Màssive,shattered-hand,85,10,25,6,152,2026-03-14 20:41:53
106811434,Tosee,garrosh,80,9,1,8,132,2026-02-21 19:08:02
108951408,Iddybiddy,quelthalas,85,5,7,3,150,2026-03-16 12:22:07
109102427,Shíftii,quelthalas,80,4,1,3,144,2026-02-25 11:02:50
111110985,Hanana,bloodfeather,80,10,4,9,93,2026-03-09 07:45:17
116683021,Castorel,magtheridon,90,8,22,6,207,2026-03-14 10:24:41
116708097,Nonea,aszune,90,3,4,6,241,2026-03-15 19:35:51
119545429,Lafavele,burning-legion,41,11,4,7,26,2026-02-08 00:43:07
121792480,Bettybones,ravencrest,80,1,4,6,115,2026-03-03 02:03:43
124241260,Visilya,draenor,80,3,2,9,51,2026-02-15 02:54:08
128452530,Kafál,steamwheedle-cartel,80,12,4,5,728,2025-11-26 23:06:25
130460081,Gildarion,burning-steppes,80,2,1,6,683,2025-12-29 22:25:36
130930399,Kazeshíní,moonglade,90,12,4,5,221,2026-03-15 22:23:58
131695314,Spazzingout,moonglade,80,12,4,9,115,2026-03-04 00:19:54
133004620,Kanters,moonglade,90,7,11,5,240,2026-03-15 17:44:39
133011836,Nilvek,moonglade,90,2,3,5,239,2026-03-16 12:35:33
133088290,Vados,moonglade,80,11,4,7,134,2026-02-22 12:04:04
133423620,Obscurity,burning-steppes,90,5,11,6,219,2026-03-13 20:48:30
133769874,Xenomatter,burning-steppes,90,5,11,7,236,2026-03-16 11:58:43
134781063,Bouchon,stormreaver,80,9,29,9,633,2025-12-25 22:42:08
137825129,Lafvel,burning-legion,85,12,10,6,144,2026-03-16 01:15:24
137892595,Demonalpha,korgall,80,12,4,6,134,2026-02-19 19:37:57
137900301,Rosestormrag,korgall,90,12,4,6,225,2026-03-15 12:17:38
138173887,Aression,burning-steppes,90,8,1,6,236,2026-03-16 11:44:50
142613532,Shopaholly,silvermoon,80,3,4,6,604,2026-01-15 20:18:59
144107654,Ashadori,moonglade,90,8,29,6,240,2026-03-16 01:58:26
145132172,Troopp,moonglade,90,5,3,2,242,2026-03-16 14:01:43
147047862,Rhoned,moonglade,90,9,1,6,236,2026-03-16 00:05:18
149691896,Redtubeme,executus,80,8,1,9,83,2026-02-24 01:04:52
153654841,Ghin,moonglade,80,5,29,6,155,2026-02-11 16:22:50
157854219,Anastari,moonglade,82,2,10,8,128,2026-03-16 13:43:57
159812082,Shado,burning-steppes,90,4,1,6,230,2026-03-15 16:19:58
161166041,Aiyone,steamwheedle-cartel,80,3,29,6,656,2026-01-03 18:59:01
161430909,Lorrax,ragnaros,80,2,10,6,613,2025-12-20 11:03:53
163707722,Bullshotta,stormscale,80,3,6,9,106,2026-02-25 23:13:30
163759599,Otius,ravencrest,90,9,29,6,232,2026-03-16 14:06:45
164888221,Swaxx,ravencrest,90,1,1,6,217,2026-03-16 09:25:22
165101607,Zbancioc,ravencrest,80,8,7,8,110,2026-02-25 14:45:34
166198316,Beastmastery,moonglade,80,3,32,9,119,2026-02-27 15:26:36
168362156,Botiss,ravencrest,82,3,34,6,136,2026-03-16 12:37:27
168369145,Cealla,ravencrest,80,2,30,6,119,2026-03-03 16:22:46
168495036,Ironshots,ravencrest,80,3,34,8,117,2026-02-17 08:41:11
168503783,Ashantho,ravencrest,80,13,52,6,120,2026-02-28 22:26:06
168655429,Kynjare,ravencrest,88,8,29,6,177,2026-03-15 13:56:48
168868379,Ganashi,ravencrest,80,7,11,6,138,2026-03-16 12:38:27
169084278,Astralchick,ravencrest,80,11,4,9,87,2026-03-16 09:52:38
169124817,Cabbar,neptulon,90,3,4,6,238,2026-03-16 11:55:29
169538718,Balad,neptulon,80,1,4,6,97,2026-03-09 12:07:13
170009597,Fragatth,ravencrest,80,8,29,6,133,2026-03-10 19:04:29
170643172,Baijara,stormscale,80,12,4,8,99,2026-01-23 19:41:50
171643269,Recruit,terokkar,80,7,11,8,708,2026-01-20 17:38:57
171649236,Lineerune,saurfang,80,12,4,6,121,2026-03-07 15:20:57
171673505,Treasagreen,terokkar,80,11,22,8,68,2026-03-12 19:10:51
171712547,Véngence,darkspear,80,5,1,6,117,2026-01-24 18:06:32
171718537,Uryu,darkspear,82,1,3,9,125,2026-03-08 18:12:11
171722947,Elgladiator,saurfang,80,1,1,6,97,2026-03-01 09:59:12
171732059,Theblueguy,terokkar,90,2,11,4,227,2026-03-15 01:09:58
171739112,Bobblez,darkspear,80,2,11,8,67,2026-03-15 19:15:47
171749325,Rhainecloud,saurfang,80,11,4,9,131,2026-03-15 18:07:36
171761485,Diztruction,saurfang,80,2,1,7,106,2026-03-06 14:07:10
171768546,Guenevéré,darkspear,80,8,1,8,94,2026-02-22 09:12:10
171768638,Thogros,darkspear,80,3,34,8,108,2026-02-25 19:22:02
171770607,Stridér,terokkar,90,12,4,5,189,2026-03-16 00:36:01
171774568,Magefist,saurfang,80,8,1,9,100,2026-03-05 21:32:39
171780286,Mizzery,darkspear,90,9,7,6,192,2026-03-15 22:29:08
171785661,Darkdream,darkspear,80,9,4,6,100,2026-03-05 16:20:29
171786761,Krest,terokkar,80,2,1,6,135,2026-03-15 03:13:33
171799117,Haamer,saurfang,70,2,1,9,80,2026-03-06 19:26:55
171802604,Peetsj,darkspear,80,4,35,3,78,2026-02-28 16:23:25
171823123,Zarramon,saurfang,80,10,29,8,122,2026-02-23 19:27:17
171823505,Aras,terokkar,80,2,30,8,650,2025-12-05 13:46:51
171840634,Pikkeduvan,saurfang,90,1,1,7,226,2026-03-15 13:25:35
171842404,Mireyia,terokkar,80,2,11,6,544,2025-12-03 22:59:02
171856030,Ceyro,saurfang,80,7,34,7,112,2026-03-05 11:39:33
171875644,Illawrath,saurfang,80,12,4,8,115,2026-03-11 21:53:00
171882550,Lhunaris,terokkar,90,8,29,6,212,2026-03-16 10:58:19
171883617,Rumido,darkspear,90,5,25,6,177,2026-03-15 20:57:48
171927870,Tinystab,saurfang,80,4,7,5,150,2026-03-11 21:39:20
171952269,Nakedlasagne,saurfang,90,10,25,6,222,2026-03-16 00:34:40
171957404,Waraith,saurfang,80,8,1,8,95,2026-01-24 21:52:43
171965823,Tinyfrost,saurfang,80,8,7,5,147,2026-03-11 21:22:34
171965903,Kirkmeister,terokkar,90,2,1,6,217,2026-03-14 11:56:00
171967635,Falagir,saurfang,80,6,4,7,137,2026-03-12 23:05:24
171979518,Mistresdíz,saurfang,80,9,29,5,161,2026-02-09 12:23:16
171980649,Tomas,saurfang,88,11,4,6,177,2026-03-15 15:09:49
171990579,Nightspirit,terokkar,90,2,1,6,226,2026-03-15 23:11:32
171991105,Sijo,terokkar,80,9,1,7,147,2026-03-10 21:04:20
172054661,Rootwo,darkspear,82,3,11,7,120,2026-03-15 19:14:36
172063971,Ellare,saurfang,80,5,29,8,117,2026-02-27 23:18:04
172077804,Garuul,saurfang,88,12,4,6,168,2026-03-16 10:57:45
172089202,Dulfron,darkspear,80,3,4,7,110,2026-03-05 16:24:42
172097802,Alexandreos,saurfang,80,2,1,7,111,2026-01-29 21:34:59
172105834,Arthúrshélby,darkspear,80,10,1,9,84,2026-01-26 20:23:59
172114844,Shaka,terokkar,80,5,29,6,118,2026-02-26 20:26:23
172116936,Taernin,darkspear,80,1,1,8,104,2026-02-06 16:19:37
172262339,Maximous,darkspear,80,8,1,6,108,2026-03-08 10:06:27
172263359,Mildrith,terokkar,90,1,1,6,194,2026-03-15 11:15:10
172271135,Primtah,terokkar,80,1,11,5,149,2026-02-24 20:28:35
172302959,Pikkabuu,saurfang,90,5,4,6,239,2026-03-15 21:46:31
172312492,Ranya,terokkar,80,4,29,9,70,2026-02-22 21:19:07
172313742,Tinyholy,saurfang,81,5,7,5,144,2026-03-11 21:26:18
172317759,Izett,saurfang,90,6,1,6,211,2026-03-16 12:33:00
172319122,Villivasara,darkspear,85,2,85,7,120,2026-03-10 14:39:46
172359178,Bodhmall,saurfang,80,11,4,6,141,2026-03-12 20:02:52
172365019,Labela,terokkar,70,1,1,8,65,2026-03-02 10:11:30
172371942,Jenben,saurfang,80,3,3,6,653,2026-01-13 14:13:48
172372681,Tinydiz,saurfang,80,5,7,6,87,2026-02-09 12:16:42
172397729,Wolfrick,saurfang,80,3,22,7,126,2026-02-24 02:05:05
172401527,Kausa,terokkar,80,11,4,1,587,2025-11-16 19:19:53
172411715,Dizneyhurt,saurfang,83,1,29,6,129,2026-03-15 21:55:55
172436858,Raijinn,saurfang,80,11,4,9,82,2026-01-24 16:06:37
172445123,Eleimus,darkspear,80,5,30,9,84,2026-02-22 12:07:56
172473381,Dottidotts,darkspear,80,9,1,8,87,2026-02-09 19:45:47
172508274,Ayda,terokkar,90,11,4,6,209,2026-03-14 16:12:38
172525460,Nytingale,darkspear,80,5,1,3,112,2026-02-21 08:59:08
172535791,Gilandrich,terokkar,85,3,4,6,158,2026-03-14 19:17:29
172537584,Kórra,saurfang,67,11,4,9,66,2026-02-10 00:33:12
172549957,Logistics,terokkar,80,8,1,5,82,2026-02-21 20:04:54
172555053,Freyakin,darkspear,70,1,4,7,81,2026-03-01 12:52:43
172555572,Shadowsheep,terokkar,90,5,29,5,241,2026-03-15 09:45:47
172556156,Jamie,terokkar,80,2,30,5,98,2026-02-08 14:12:08
172561711,Velli,terokkar,80,9,1,7,154,2026-02-01 21:15:48
172571173,Dîz,saurfang,80,4,1,6,138,2026-03-16 12:46:43
172574274,Hamboy,darkspear,57,2,1,9,53,2026-03-16 12:46:08
172581632,Snillida,saurfang,80,12,4,5,157,2026-03-09 17:51:20
172586321,Darq,terokkar,83,2,1,0,150,2026-03-10 11:01:48
172618521,Oraion,darkspear,90,9,29,6,233,2026-03-15 18:05:52
172623944,Cherlyn,darkspear,80,5,11,4,105,2026-03-05 16:21:46
172624606,Redhot,saurfang,80,2,3,6,126,2026-03-08 11:30:58
172633838,Vindiction,terokkar,80,6,4,7,151,2026-03-16 08:17:10
172676679,Twiztednipz,saurfang,80,8,7,3,137,2026-03-04 00:29:07
172682806,Stonefist,saurfang,80,2,1,6,121,2026-03-04 22:27:10
172691075,Talasha,saurfang,80,11,4,8,71,2026-02-26 21:56:59
172710380,Colder,terokkar,80,1,1,6,129,2026-03-14 21:11:18
172710477,Foricky,saurfang,80,8,7,6,145,2026-02-26 21:57:36
172761937,Shelockstel,saurfang,80,9,37,6,119,2026-03-11 21:15:45
172762594,Aradeni,terokkar,80,2,11,5,138,2026-03-12 22:34:23
172802191,Lunaria,saurfang,90,7,11,6,237,2026-03-16 00:45:00
172857879,Erionar,darkspear,70,2,1,5,78,2026-03-01 20:28:59
172902716,Nex,saurfang,73,6,7,9,71,2026-02-22 20:26:39
172916755,Milfred,terokkar,90,1,1,5,233,2026-03-12 23:59:39
172919015,Sverker,terokkar,80,6,1,7,97,2026-03-14 09:30:00
172929591,Relara,terokkar,80,3,29,6,110,2026-03-13 11:23:13
172948062,Tocho,terokkar,90,11,31,6,240,2026-03-16 12:44:50
172963055,Wineforme,darkspear,86,1,1,6,161,2026-03-15 12:01:43
172973746,Dotdotdeath,darkspear,80,9,1,8,116,2026-02-09 00:54:44
172974071,Shadowmojo,darkspear,80,11,4,9,675,2025-11-27 02:29:42
172983339,Demoniwiggz,kazzak,90,12,10,6,239,2026-03-15 12:01:14
173012734,Afanasia,terokkar,80,7,11,8,152,2026-01-28 19:42:26
173018659,Talisa,saurfang,80,12,4,9,643,2026-01-04 18:41:14
173019331,Ellye,terokkar,80,11,4,8,109,2026-03-10 23:57:22
173023688,Orwyn,darkspear,80,11,4,9,109,2026-02-19 15:29:19
173025925,Rouscha,terokkar,80,3,22,9,125,2026-03-10 18:01:22
173031788,Crossbreaker,saurfang,56,6,22,9,47,2026-02-27 07:48:52
173036190,Malagigi,saurfang,81,2,1,6,132,2026-03-16 10:15:50
173047146,Veli,terokkar,90,11,4,6,217,2026-03-16 10:29:37
173048354,Twistedsoul,darkspear,90,9,29,3,232,2026-03-16 08:02:35
173050929,Moondream,darkspear,85,3,4,3,160,2026-03-16 14:02:37
173104889,Metall,terokkar,80,3,4,5,707,2025-12-18 18:40:30
173146279,Tharaniel,saurfang,90,11,4,4,229,2026-03-15 23:39:20
173148931,Illarinn,saurfang,80,11,4,8,130,2026-01-24 18:58:59
173193661,Keeku,darkspear,80,5,1,6,74,2026-03-11 23:15:08
173218688,Dicehunter,darkspear,80,11,4,9,98,2026-02-05 19:55:54
173271197,Barbellata,darkspear,80,12,4,3,134,2026-02-24 12:10:18
173297604,Lochaber,terokkar,70,1,1,7,64,2026-01-25 09:49:18
173302721,Myliana,saurfang,81,10,1,7,97,2026-03-09 17:58:57
173398144,Myna,darkspear,80,11,4,5,603,2025-12-04 10:13:41
173423887,Olgítsa,darkspear,80,8,1,6,138,2026-03-15 14:49:16
173430178,Saerdnaa,saurfang,80,6,1,5,155,2026-03-09 17:53:59
173455797,Roarfury,darkspear,80,11,22,8,84,2026-02-22 13:17:33
173515596,Aphrodizia,saurfang,80,7,11,6,118,2026-02-09 12:18:00
173522702,Merlim,terokkar,90,8,1,6,233,2026-03-12 00:14:04
173554131,Freiia,terokkar,90,8,11,6,229,2026-03-16 02:41:20
173560907,Hunterbel,darkspear,87,3,1,6,173,2026-03-16 13:44:00
173584945,Unikkat,terokkar,80,2,1,6,147,2026-03-08 12:43:11
173595568,Melissant,terokkar,80,2,1,5,153,2026-03-15 18:13:25
173606567,Jääntuoja,darkspear,80,8,29,8,108,2026-03-05 16:23:53
173670324,Cyainabit,terokkar,80,6,1,3,147,2026-03-10 18:14:07
173696513,Velthelda,darkspear,80,12,4,8,108,2026-02-21 18:30:30
173712138,Amdumb,darkspear,80,9,7,9,67,2026-03-01 20:42:31
173723032,Slyg,saurfang,80,8,29,7,126,2026-02-28 15:34:04
173750741,Garlax,darkspear,80,7,11,8,110,2026-03-14 23:19:25
173787303,Manoftime,terokkar,80,8,1,6,119,2026-02-25 20:12:45
173925191,Judgémental,darkspear,90,2,1,5,224,2026-03-16 12:29:03
174066797,Darqhealz,terokkar,90,10,7,3,235,2026-03-15 19:59:48
174069433,Martn,terokkar,80,10,1,6,124,2026-03-03 07:47:09
174092413,Questy,darkspear,80,5,1,6,107,2026-03-08 10:09:50
174096374,Wîcca,terokkar,80,5,4,9,106,2026-02-15 17:52:08
174157558,Ajénal,moonglade,82,9,22,5,130,2026-03-14 23:00:19
174164264,Gimlihunter,darkspear,80,3,3,9,104,2026-01-26 20:37:15
174177962,Brunelda,saurfang,80,3,3,5,149,2026-03-11 09:32:16
174180167,Raelya,moonglade,83,9,29,9,144,2026-03-09 16:41:15
174183911,Arcyan,hellscream,90,3,27,7,229,2026-03-15 22:53:02
174217211,Darqmees,terokkar,80,8,1,3,137,2026-03-05 09:44:46
174232145,Izalor,terokkar,90,11,4,6,226,2026-03-15 15:38:28
174331297,Kylastar,stormrage,80,3,4,6,120,2026-03-14 22:43:09
174336652,Relentles,moonglade,90,10,7,6,243,2026-03-15 18:43:01
174394355,Tenika,terokkar,80,3,4,6,662,2025-12-21 22:28:56
174424361,Kippona,terokkar,80,5,11,6,84,2026-01-26 20:14:51
174424471,Krenberry,darkspear,80,4,4,3,105,2026-02-26 21:31:10
174424517,Euandros,darkspear,80,2,10,6,150,2026-02-26 19:21:01
174424570,Haralamb,terokkar,80,6,1,8,84,2026-03-13 16:45:22
174425108,Shootær,darkspear,80,3,2,7,127,2026-02-26 19:13:13
174425580,Swiftnsure,terokkar,80,3,4,6,122,2026-03-11 21:26:00
174425935,Yasunda,terokkar,80,3,4,6,91,2026-03-04 07:21:23
174426166,Doragon,darkspear,90,1,52,6,236,2026-03-16 12:50:08
174428208,Deathanddki,saurfang,80,6,11,3,155,2026-03-01 14:51:09
174429474,Lyione,terokkar,80,3,4,6,144,2026-03-08 22:06:09
174429644,Scrumptious,darkspear,90,8,7,3,228,2026-03-16 10:19:21
174432932,Deathseker,saurfang,80,7,3,3,165,2026-03-03 19:55:00
174436375,Sofy,terokkar,90,10,29,6,227,2026-03-15 18:02:08
174436394,Zidas,terokkar,90,12,4,6,230,2026-03-16 08:32:07
174440773,Thómashélby,darkspear,80,4,7,6,84,2026-03-10 18:28:04
174487991,Daealla,darkspear,90,11,4,6,205,2026-03-15 11:11:42
174488154,Deathseekery,saurfang,80,11,4,3,123,2026-03-15 14:14:40
174495748,Yaena,terokkar,81,8,1,6,123,2026-03-16 12:17:46
174499029,Tinytelman,saurfang,81,1,37,6,126,2026-03-12 21:43:32
174505158,Ljayne,darkspear,80,3,4,6,106,2026-03-10 00:59:41
174507480,Laurajayne,darkspear,86,11,4,6,162,2026-03-16 03:32:53
174534294,Shabba,saurfang,80,2,1,2,720,2025-12-10 23:37:41
174546694,Darlingzilia,darkspear,80,3,4,7,104,2026-02-24 15:26:48
174547546,Dustydan,terokkar,80,2,1,6,122,2026-03-13 21:49:18
174556634,Wîcked,terokkar,80,3,4,5,105,2026-02-15 17:47:32
174569787,Kaidence,darkspear,80,7,3,6,125,2026-03-15 19:35:01
174569916,Torsden,saurfang,80,7,11,6,146,2026-03-09 21:29:24
174573193,Wîtch,terokkar,88,8,29,6,163,2026-03-15 19:19:03
174574181,Carandil,terokkar,90,11,4,5,237,2026-03-14 14:57:57
174592488,Dalyth,terokkar,90,3,11,6,188,2026-03-14 19:35:12
174595534,Moonsiren,darkspear,80,7,11,3,122,2026-03-14 21:07:30
174597627,Kysteria,moonglade,90,5,29,7,229,2026-03-16 13:33:24
174597762,Brazenhussey,darkspear,90,11,4,1,227,2026-03-16 07:48:28
174607208,Troyster,terokkar,89,4,4,6,179,2026-03-16 00:03:19
174607296,Decension,darkspear,80,7,11,6,117,2026-03-11 10:42:22
174614496,Bluether,terokkar,90,2,1,8,230,2026-03-16 11:03:20
174615476,Ziliarini,darkspear,80,3,10,6,105,2026-01-25 01:37:44
174625604,Suchmonk,terokkar,90,10,34,6,244,2026-03-15 20:01:20
174626933,Skarlett,saurfang,90,7,11,6,232,2026-03-16 10:52:53
174631115,Deathshunter,saurfang,80,3,3,3,133,2026-02-11 19:51:51
174632869,Mizzaurora,terokkar,80,12,4,6,109,2026-03-16 08:54:59
174636621,Desinty,saurfang,90,1,4,6,234,2026-03-16 04:09:14
174636700,Tavin,saurfang,80,4,3,5,143,2026-03-13 22:48:26
174637366,Shrikei,saurfang,85,5,11,6,160,2026-03-15 19:42:30
174637608,Livanne,terokkar,90,8,1,6,236,2026-03-16 12:55:02
174637752,Krennan,darkspear,90,11,22,1,219,2026-03-15 20:54:06
174638021,Quady,saurfang,90,9,29,4,237,2026-03-16 10:19:27
174638682,Colandra,darkspear,84,2,11,6,147,2026-03-06 21:24:11
174638937,Malumebullio,saurfang,90,5,7,7,241,2026-03-15 18:11:48
174639051,Deathdemon,saurfang,80,12,4,3,126,2026-02-04 18:43:47
174639194,Vincentae,saurfang,90,9,1,6,196,2026-03-15 22:48:30
174639332,Arthurshélby,darkspear,80,3,1,4,80,2026-02-01 09:17:57
174639499,Deathbigears,saurfang,90,9,7,3,229,2026-03-15 22:00:45
174639653,Deathseekerv,saurfang,90,2,1,2,232,2026-03-15 21:50:55
174639935,Gorkan,terokkar,90,1,1,6,243,2026-03-16 10:55:42
174641065,Dutchmenn,terokkar,88,6,11,2,167,2026-03-15 20:28:03
174641289,Thawne,darkspear,80,1,29,5,119,2026-03-11 10:46:28
174662713,Angeloflife,terenas,80,5,29,6,677,2026-01-05 03:07:20
174688055,Maharét,draenor,80,4,10,6,167,2026-03-01 18:16:01
174821673,Fyrebeard,terenas,80,1,34,6,139,2026-03-02 05:43:24
175294332,Silvermage,saurfang,80,8,1,6,157,2026-02-27 15:03:07
175328917,Lairiel,terokkar,89,3,4,6,182,2026-03-15 14:47:37
175368325,Lorénthia,argent-dawn,80,11,4,7,646,2025-12-07 14:45:31
175414242,Petitcoeur,saurfang,89,5,7,4,182,2026-03-15 21:20:03
175478234,Bloodrins,ravencrest,80,1,34,8,702,2025-12-11 18:50:36
175478371,Kiany,ravencrest,80,5,34,8,109,2026-02-27 22:22:12
175504046,Gardarion,burning-steppes,80,1,1,6,129,2026-02-01 19:26:54
175504826,Demonglide,ravencrest,29,12,4,9,106,2026-01-08 17:37:32
175523411,Shuey,darkspear,71,1,34,9,38,2026-02-08 08:07:23
175680572,Chily,ravencrest,80,10,25,9,593,2025-12-25 13:31:39
175857918,Makuta,hellscream,86,7,2,8,146,2026-03-16 10:10:22
175865790,Sereneety,darkspear,80,12,4,7,119,2026-03-11 20:36:37
175893343,Fern,terokkar,90,11,4,6,220,2026-03-14 01:57:08
175898085,Ulfgrom,terokkar,90,11,22,6,183,2026-03-15 18:56:23
175953091,Faedra,darkspear,80,3,4,8,99,2026-03-12 11:48:01
176055394,Darqshaman,terokkar,80,7,34,3,138,2026-02-20 23:01:48
176228664,Ruckus,korgall,80,11,32,9,81,2026-03-01 14:21:41
176369182,Missdmeanor,terokkar,70,8,30,9,84,2026-03-14 13:53:25
176412556,Jamina,saurfang,65,8,30,8,36,2026-01-30 20:32:29
176416503,Mayadik,doomhammer,89,6,4,6,183,2026-03-16 13:50:46
176677135,Handfaste,saurfang,80,1,32,5,100,2026-03-11 16:05:46
176837926,Nairi,saurfang,80,6,1,7,621,2025-12-06 16:56:36
176865904,Mudiwa,hellscream,90,11,91,7,235,2026-03-14 20:59:49
176911637,Descarte,saurfang,80,6,1,5,107,2026-03-11 16:05:03
176959362,Tarwis,terokkar,80,8,1,6,426,2025-12-04 01:15:53
177078250,Hejtuur,terokkar,80,6,11,7,128,2026-03-02 19:46:42
177153562,Kremonn,magtheridon,90,11,4,6,214,2026-03-15 00:28:03
177155770,Cartron,saurfang,90,11,4,2,239,2026-03-15 21:42:47
177285040,Questro,darkspear,80,2,30,6,108,2026-03-08 18:19:34
177293147,Sivara,moonglade,80,10,4,8,124,2026-02-22 12:13:34
177333770,Lawr,saurfang,80,5,30,9,127,2026-03-15 01:15:39
177349722,Luckle,moonglade,80,12,4,5,142,2026-02-22 15:33:49
177409164,Humanpaladin,saurfang,80,2,1,9,85,2026-03-03 23:59:54
177409200,Spodokomodo,saurfang,80,5,29,3,136,2026-02-15 22:01:48
177409291,Skrinx,saurfang,80,3,3,6,76,2026-03-04 00:27:18
177698382,Black,moonglade,80,3,34,9,39,2026-02-27 18:33:15
177727943,Mistaweewee,tarren-mill,75,3,4,9,81,2026-03-06 01:12:01
177895892,Ceasar,saurfang,90,5,52,6,224,2026-03-15 18:20:58
178013061,Bryon,darkspear,52,11,4,9,52,2026-02-16 13:59:16
178060397,Zandria,terokkar,90,2,1,6,226,2026-03-16 12:51:33
178119449,Mikurix,darkspear,90,11,4,4,214,2026-03-14 21:57:26
178149604,Athemis,darkspear,80,9,7,7,148,2026-02-26 21:29:04
178295288,Aradeni,darkspear,80,7,11,7,138,2026-03-12 22:34:23
178332126,Bladesky,darkspear,71,11,4,8,72,2026-02-23 09:15:22
178397571,Krátós,burning-blade,90,1,1,7,236,2026-03-15 18:40:13
178477806,Bunnykins,darkspear,80,5,7,7,128,2026-02-20 14:42:02
178676904,Purrincess,darkspear,80,4,29,9,82,2026-03-03 11:47:48
178779514,Imsneezy,saurfang,80,7,34,8,117,2026-01-31 19:31:01
178961003,Nitarian,terokkar,90,9,7,6,197,2026-03-14 21:30:04
179136553,Nima,terokkar,75,11,4,6,72,2026-02-03 09:14:07
179158813,Imgrumpy,saurfang,80,9,34,5,141,2026-02-28 22:27:50
179277698,Zalrias,draenor,80,6,1,9,90,2026-02-10 17:04:44
179375522,Sharlaton,saurfang,82,3,29,6,143,2026-03-10 21:54:43
179396095,Menethill,darkspear,90,6,1,6,217,2026-03-15 10:27:37
179396122,Bobleearrow,darkspear,90,3,4,6,217,2026-03-15 22:02:50
179435749,Wîenna,terokkar,80,8,29,5,133,2026-02-15 17:36:00
179592276,Rosali,terokkar,80,7,11,9,80,2026-02-05 11:21:40
179717616,Caelenne,moonglade,90,3,29,6,236,2026-03-14 21:22:01
179718028,Lennaya,moonglade,90,5,52,5,226,2026-03-15 16:22:06
179800014,Wíggs,kazzak,90,10,36,6,230,2026-03-16 11:18:26
179806650,Romen,terokkar,83,2,3,7,141,2026-03-15 12:26:28
179842150,Brámble,saurfang,90,11,86,6,227,2026-03-16 12:31:02
179912109,Velvetvixen,darkspear,88,11,4,3,151,2026-03-15 09:04:14
179923203,Ruckle,moonglade,80,7,3,6,148,2026-02-08 16:34:43
179923470,Beefyelf,terokkar,90,11,4,6,211,2026-03-15 21:01:57
179964361,Vanith,saurfang,80,5,29,7,118,2026-02-08 21:58:09
179972375,Rogueckle,moonglade,90,4,5,5,244,2026-03-15 21:01:58
179989359,Zajmoon,saurfang,80,4,4,8,127,2026-03-14 10:09:59
180031291,Cyainasec,terokkar,80,9,34,3,135,2026-02-25 21:02:11
180051284,Atheliss,darkspear,82,3,4,7,140,2026-03-14 16:24:18
180065513,Sillver,terokkar,80,10,26,6,143,2026-02-12 17:55:49
180068743,Threerivers,terokkar,80,3,4,6,122,2026-03-04 09:41:36
180081403,Kungfupandaa,saurfang,90,10,25,5,240,2026-03-15 20:24:02
180128488,Gryhm,saurfang,80,3,4,5,107,2026-03-11 16:04:28
180237481,Smokelock,terokkar,90,9,34,7,230,2026-03-13 20:15:03
180241075,Nakwena,moonglade,80,2,3,8,120,2026-03-15 16:29:51
180253383,Onebreath,terokkar,80,5,25,6,124,2026-02-19 21:17:00
180261106,Snowyn,darkspear,80,8,29,6,100,2026-02-21 15:10:50
180319181,Lightstalker,saurfang,80,6,1,6,122,2026-02-26 22:45:24
180328244,Taradan,saurfang,80,11,4,7,131,2026-03-09 18:44:34
180337005,Tremac,darkspear,80,6,1,6,597,2025-11-16 11:11:26
180374899,Zais,terokkar,80,9,29,9,702,2025-12-05 13:50:58
180410074,Sorrow,terokkar,80,9,29,6,131,2026-03-02 09:50:11
180468791,Sheep,terokkar,80,8,29,6,153,2026-02-20 22:32:32
180507331,Kenchoo,saurfang,80,10,25,9,76,2026-03-03 00:35:11
180548139,Jaloh,terokkar,80,3,31,8,157,2026-02-01 14:33:59
180612112,Artaraz,saurfang,90,8,1,6,237,2026-03-16 11:08:16
180638035,Pausechamp,saurfang,80,4,1,6,144,2026-03-15 18:48:27
180676238,Lorthius,saurfang,80,6,11,6,81,2026-02-06 13:13:41
180734700,Dentraki,tarren-mill,90,11,4,6,226,2026-03-15 20:34:24
180764298,Ayani,saurfang,74,11,4,9,79,2026-02-06 08:59:16
180805007,Azsuna,saurfang,80,8,29,7,86,2026-03-07 16:42:35
180917954,Sumera,terokkar,80,7,11,5,151,2026-03-15 18:08:17
181060344,Shartman,shattered-hand,86,7,34,6,153,2026-03-14 13:52:49
181093097,Ramsi,terokkar,81,5,1,7,122,2026-03-16 12:39:06
181098942,Tarwyss,terokkar,80,9,1,6,323,2025-12-05 12:22:33
181141202,Nytram,terokkar,80,8,1,6,128,2026-03-03 07:41:05
181259475,Strm,terokkar,80,7,34,9,654,2025-12-05 13:52:14
181318506,Draenerys,shattered-hand,90,7,11,6,201,2026-03-16 02:32:35
181338110,Riker,terokkar,88,1,1,7,173,2026-03-15 11:16:45
181351879,Ranith,saurfang,80,4,1,8,136,2026-02-28 13:16:03
181371263,Tarwiis,terokkar,80,11,4,6,548,2025-11-18 21:31:00
181526609,Slyd,saurfang,80,13,52,8,122,2026-03-02 19:33:53
181533206,Onana,terokkar,80,13,52,6,148,2026-02-18 17:40:11
181563304,Hqofficer,terokkar,90,12,4,6,199,2026-03-08 23:13:36
181601973,Kirkgon,terokkar,80,13,52,6,123,2026-03-03 07:45:30
181767070,Donkraften,bloodfeather,90,11,4,6,204,2026-03-10 19:25:12
181822699,Diadora,terokkar,80,9,37,9,119,2026-02-25 13:16:22
181853768,Everdeen,saurfang,80,7,34,7,113,2026-02-26 23:08:33
181945997,Tzien,saurfang,81,10,1,6,149,2026-03-08 21:35:10
181981249,Panthro,terokkar,80,11,22,6,102,2026-02-20 16:15:58
182000665,Kiharne,terokkar,80,11,22,7,121,2026-02-14 16:49:28
182006488,Salexe,shattered-hand,81,12,4,9,116,2026-03-12 20:47:41
182023421,Bloodfist,terokkar,80,6,32,8,111,2026-03-06 18:32:19
182067060,Quinax,shattered-hand,80,5,3,7,82,2026-03-15 08:37:44
182256780,Olívíá,terokkar,83,3,22,6,144,2026-03-15 14:39:39
182269421,Suffusion,saurfang,90,10,29,6,180,2026-03-15 20:31:45
182276755,Elspeth,terrordar,80,3,1,8,89,2026-02-08 17:13:13
182325198,Snowblue,terokkar,90,8,7,8,206,2026-03-15 10:29:15
182343268,Eviblaze,argent-dawn,90,13,52,7,226,2026-03-15 23:08:51
182363502,Skorps,shattered-hand,77,8,7,9,80,2026-02-27 22:28:43
182380880,Legolàz,terokkar,80,3,29,5,118,2026-02-25 12:26:34
182403939,Varrocks,doomhammer,90,4,4,8,217,2026-03-16 13:29:21
182463516,Awoogah,saurfang,80,10,22,6,147,2026-03-06 23:08:52
182494185,Kenko,darkspear,80,1,2,6,112,2026-03-06 18:40:40
182501694,Jericho,terokkar,80,10,4,5,673,2025-12-19 22:23:57
182533300,Whitejuvel,darkspear,80,5,4,6,122,2026-03-06 19:21:36
182586779,Mogui,bloodfeather,90,12,4,6,228,2026-03-16 13:53:04
182595360,Molnia,azjolnerub,80,7,11,6,120,2026-01-29 01:28:59
182630987,Avvit,terokkar,87,2,34,3,172,2026-03-16 01:49:38
182636760,Scarlèt,azjolnerub,80,4,4,6,119,2026-01-27 15:58:13
182646829,Tinytracker,saurfang,80,3,7,5,132,2026-02-24 06:31:44
182689815,Buladin,darkspear,80,2,30,8,680,2026-01-10 16:16:55
182713858,Nest,terokkar,80,6,1,8,127,2026-02-23 17:32:52
182733415,Lumpolard,terokkar,80,11,4,3,145,2026-02-11 00:15:09
182766975,Tech,shattered-hand,70,5,4,9,388,2025-12-17 16:07:58
182769527,Sisyphus,executus,90,4,1,8,217,2026-03-13 20:53:52
182857624,Babymorph,bloodfeather,80,11,22,6,80,2026-03-09 07:41:23
182960650,Shifti,terokkar,90,8,29,3,217,2026-03-16 01:50:37
183039712,Nicho,executus,76,5,30,8,78,2026-03-11 11:17:09
183079028,Sneezydk,tarren-mill,80,6,36,8,166,2026-02-26 19:22:18
183120771,Dragodeath,saurfang,80,13,52,3,136,2026-02-04 18:41:46
183168838,Tweara,moonglade,83,7,85,5,157,2026-03-15 19:57:41
183169515,Monkswool,saurfang,80,10,25,8,127,2026-02-28 11:53:17
183247816,Cheinna,argent-dawn,85,2,10,7,148,2026-03-15 03:19:13
183260602,Cannabissaa,terokkar,80,3,34,3,92,2026-03-01 15:46:47
183349856,Sellania,moonglade,90,10,4,7,242,2026-03-12 18:56:02
183358892,Summermoon,bloodfeather,80,12,4,6,113,2026-03-07 22:29:13
183359298,Högervänster,shattered-hand,55,4,34,9,39,2026-02-25 21:56:23
183361849,Kirkdog,terokkar,88,5,29,6,162,2026-03-16 08:46:03
183458358,Jägerbomb,terokkar,83,3,3,1,169,2026-03-15 19:53:56
183490952,Fanatheil,saurfang,90,2,1,6,232,2026-03-14 12:46:18
183516549,Tharwar,saurfang,80,1,1,6,144,2026-02-22 13:07:46
183679130,Mw,darkspear,80,10,4,3,112,2026-02-14 21:02:34
183698957,Arlyn,terokkar,80,8,22,2,95,2026-03-04 09:35:50
183705298,Doombar,terokkar,80,9,3,3,153,2026-02-25 11:07:19
183722300,Shädo,darkspear,76,3,32,6,74,2026-03-07 15:58:40
183724840,Wackle,moonglade,80,1,2,8,143,2026-02-22 16:13:16
183777873,Zérolove,saurfang,90,2,30,6,217,2026-03-15 18:14:23
183793524,Danksvensson,executus,90,7,3,7,239,2026-03-15 18:45:25
183819968,Apolo,korgall,80,3,4,6,606,2026-01-06 11:49:52
183944878,Myná,darkspear,80,7,11,5,609,2025-12-04 10:35:51
184056699,Otodlyadida,terokkar,80,11,4,6,130,2026-01-22 13:33:34
184137826,Amhere,saurfang,80,2,30,8,130,2026-03-01 19:59:16
184169703,Krenling,darkspear,80,10,25,6,75,2026-02-26 21:35:29
184226753,Elysio,shattered-hand,71,5,4,9,424,2025-12-21 00:01:16
184233438,Muschízerstö,darkspear,80,9,1,8,134,2026-03-13 23:08:46
184311499,Shadowfalen,doomhammer,81,8,4,6,122,2026-03-15 19:18:21
184314184,Truaim,shattered-hand,80,3,1,6,673,2025-12-05 07:32:38
184316447,Jordskred,shattered-hand,80,7,34,7,684,2025-12-25 15:09:09
184323457,Janiebanwen,saurfang,70,7,34,9,474,2026-01-18 22:25:34
184340634,Grenadier,saurfang,80,6,34,7,87,2026-02-14 20:13:18
184388414,Eversor,terokkar,90,12,4,6,205,2026-03-14 19:14:56
184405219,Lotusblossom,darkspear,80,10,29,3,109,2026-02-28 13:37:34
184421434,Thelamon,burning-steppes,71,13,52,9,381,2026-01-07 22:01:23
184443397,Loftykonuk,turalyon,80,3,3,6,757,2025-12-18 11:07:13
184450819,Discoveries,terokkar,80,5,4,6,88,2026-02-08 14:03:28
184456650,Zajmon,saurfang,80,9,29,7,108,2026-03-14 10:08:13
184516415,Vairozpr,shattered-hand,80,5,4,8,128,2026-03-16 13:33:42
184614473,Earthadin,haomarush,80,2,85,8,108,2026-02-01 17:54:08
184620715,Remara,darkspear,83,11,32,6,146,2026-03-15 18:52:06
184650441,Lighthoff,shattered-hand,80,2,6,8,140,2026-03-15 15:07:31
184653293,Xinthya,burning-steppes,71,5,29,9,47,2026-02-25 20:47:09
184666144,Yueigami,bloodfeather,80,11,4,7,118,2026-03-10 19:40:18
184668917,Arthaniss,darkspear,80,1,4,6,89,2026-03-10 09:25:15
184677070,Avan,darkspear,80,2,1,6,601,2025-11-29 20:09:33
184736422,Walterwhite,terokkar,80,4,4,6,116,2026-03-15 15:56:42
184742599,Chieara,darkspear,70,11,22,9,84,2026-03-03 00:18:23
184801910,Durinar,darkspear,80,1,3,6,622,2025-11-16 11:07:08
184815172,Précilla,shattered-hand,80,9,29,9,657,2025-12-06 15:02:11
184829578,Callahan,saurfang,80,2,1,6,112,2026-03-07 00:20:19
184837305,Moonkeeper,saurfang,70,12,10,9,425,2026-01-20 01:21:25
184838819,Alise,saurfang,90,5,10,6,193,2026-03-13 02:08:23
184852583,Michael,terokkar,80,8,1,5,116,2026-02-14 16:03:50
185018485,Nessara,saurfang,90,8,10,6,231,2026-03-14 21:42:55
185027349,Tialli,terokkar,85,3,11,6,151,2026-03-14 19:20:46
185082031,Sarcophagus,terokkar,80,6,22,6,154,2026-02-25 07:32:10
185088462,Thyma,saurfang,80,9,10,8,118,2026-03-15 06:10:53
185176004,Dralon,terokkar,90,6,30,6,209,2026-03-16 13:14:44
185185529,Mezzino,saurfang,80,3,25,6,91,2026-02-21 00:33:15
185189029,Mechafrodo,darkspear,80,8,37,5,111,2026-02-12 21:03:58
185201043,Mini,darkspear,80,10,7,5,99,2026-02-08 14:18:08
185225510,Marianneje,shattered-hand,90,8,1,6,222,2026-03-15 23:50:52
185251729,Esthar,terokkar,80,3,29,8,89,2026-02-21 23:38:45
185253762,Zarise,darkspear,80,10,30,6,672,2026-01-05 10:52:04
185349948,Andromache,burning-steppes,80,6,4,8,92,2026-02-17 19:10:28
185357289,Fjutten,saurfang,83,11,4,6,132,2026-03-15 14:17:40
185452062,Avgdmonnjoyr,saurfang,90,9,5,3,232,2026-03-15 01:43:06
185459293,Adjudicator,terokkar,80,5,27,5,164,2026-02-27 01:06:32
185479834,Zenah,darkspear,87,5,29,7,166,2026-03-15 11:43:13
185507303,Mikane,burning-legion,80,5,1,9,121,2026-02-13 00:06:22
185509930,Thebeastess,darkspear,80,4,3,7,116,2026-03-12 20:01:20
185540441,Dio,saurfang,71,6,32,9,465,2025-12-19 01:55:58
185566373,Huntina,darkspear,80,3,1,8,89,2026-02-21 17:49:51
185566430,Totemiina,darkspear,80,7,3,8,93,2026-02-21 18:03:16
185578412,Tomchuk,korgall,80,9,1,9,100,2026-03-05 06:37:22
185638546,Loomkin,terokkar,80,11,4,3,112,2026-03-10 11:12:36
185723218,Stryike,saurfang,80,3,1,7,145,2026-02-04 22:25:14
185725294,Valkia,terokkar,80,6,1,7,140,2026-02-27 06:19:18
185747569,Sleeptoken,saurfang,80,6,30,7,119,2026-02-24 19:07:37
185749020,Ståldk,shattered-hand,80,6,1,6,124,2026-02-08 21:22:19
185749667,Halley,terokkar,55,8,27,9,244,2026-01-17 13:19:54
185750293,Sophty,terokkar,80,11,4,6,92,2026-02-08 14:06:34
185751641,Vorai,terokkar,80,5,29,6,140,2026-02-28 20:47:10
185776517,Littleholy,skullcrusher,80,2,3,9,76,2026-03-15 18:46:24
185810292,Evisham,argent-dawn,90,7,3,6,239,2026-03-15 16:08:23
185879766,Tinkerbellz,saurfang,80,8,7,5,135,2026-01-24 19:41:34
185902609,Elderflower,terokkar,80,2,30,8,126,2026-02-11 16:25:24
185931051,Arrax,terokkar,80,6,34,8,79,2026-01-21 15:56:33
185948678,Nimrod,terokkar,80,3,8,9,107,2026-02-25 09:23:01
185956378,Ameili,saurfang,80,11,4,8,117,2026-01-29 08:17:01
185963061,Dracthilya,terokkar,71,13,52,9,467,2025-10-19 22:58:21
186019504,Dismas,saurfang,85,7,11,6,147,2026-03-14 13:03:22
186024405,Gatoula,darkspear,80,8,10,7,594,2026-01-01 14:12:24
186030699,Woolferine,burning-steppes,80,11,22,6,649,2025-12-27 21:57:49
186031221,Howitzer,darkspear,80,3,29,8,91,2026-02-21 18:09:56
186085907,Eltaco,terokkar,82,6,36,3,135,2026-03-16 01:57:07
186106354,Nothu,terokkar,80,7,11,6,156,2026-03-01 22:27:52
186120047,Karistos,terokkar,80,11,22,9,116,2026-03-13 16:16:28
186130915,Mokkachino,terokkar,80,2,30,6,572,2025-12-21 19:38:50
186138765,Vespin,saurfang,83,6,1,6,144,2026-03-14 20:29:22
186154489,Fistdance,tarren-mill,87,10,4,8,161,2026-03-05 21:00:59
186186564,Thump,burning-steppes,70,2,11,9,480,2025-10-27 10:23:14
186262680,Ibragen,tarren-mill,80,12,10,9,150,2026-02-13 00:37:49
186298910,Huntaar,darkspear,80,3,22,7,671,2025-12-05 21:35:18
186316294,Shammyx,saurfang,46,7,85,9,38,2026-03-12 20:38:39
186346098,Dirtbag,terokkar,90,1,29,3,242,2026-03-16 01:51:29
186367925,Lene,terokkar,83,9,37,3,133,2026-03-09 17:42:40
186429174,Meryn,saurfang,82,5,4,6,164,2026-03-15 10:50:20
186453520,Kinshara,terokkar,80,13,52,9,567,2025-11-03 23:59:29
186490356,Bod,darkspear,81,2,85,7,137,2026-03-14 18:11:13
186492536,Ramppo,burning-steppes,90,8,7,6,227,2026-03-04 21:46:02
186507414,Lightsworn,terokkar,80,2,1,8,696,2025-12-28 23:03:29
186514092,Evocus,terokkar,81,9,1,6,123,2026-03-15 21:16:19
186544445,Sneezret,tarren-mill,80,2,3,9,155,2026-02-09 22:37:23
186564989,Tootz,terokkar,90,7,85,3,183,2026-03-14 08:33:50
186565094,Nadja,saurfang,80,12,4,9,138,2026-03-13 14:09:40
186598400,Trefoil,terokkar,90,8,7,4,230,2026-03-14 21:29:04
186602989,Elissana,terokkar,80,11,4,7,108,2026-02-08 17:13:49
186605239,Ilok,saurfang,80,7,31,7,98,2026-03-01 14:17:54
186678557,Galgatur,bloodfeather,90,12,4,7,233,2026-03-16 13:15:48
186704366,Bosch,terokkar,80,7,11,8,706,2026-01-07 23:44:34
186712741,Williams,saurfang,80,6,1,8,86,2026-03-13 00:20:21
186755462,Dripdrizzy,darkspear,80,7,3,9,75,2026-03-07 21:43:18
186805324,Cippi,the-shatar,80,5,29,9,672,2025-12-14 13:26:31
186862104,Dannydan,darkspear,80,11,4,6,117,2026-02-21 20:44:28
186885600,Jayda,executus,80,1,11,6,553,2025-12-20 20:38:59
186936707,Winifrida,terokkar,87,2,3,5,172,2026-03-16 13:53:49
186936711,Scyntillia,terokkar,80,13,52,9,596,2026-01-05 20:05:00
186946947,Prefired,darkspear,80,8,4,8,96,2026-02-18 00:23:14
186955606,Arãchne,argent-dawn,80,12,4,8,105,2026-02-27 04:19:27
186959696,Tinkerboom,terokkar,90,8,7,3,202,2026-03-14 08:32:10
186980326,Chaoskungfu,darkspear,90,10,4,6,187,2026-03-15 23:55:41
187011121,Smuckle,terokkar,83,6,8,5,157,2026-03-15 21:18:40
187089008,Sneakyfk,terokkar,80,4,7,9,129,2026-03-01 00:20:02
187132836,Dizmagic,terokkar,80,8,52,9,78,2026-02-09 12:21:27
187162544,Irnbrü,saurfang,80,11,8,8,142,2026-03-10 15:59:36
187173792,Skyforge,terokkar,80,10,3,9,607,2025-12-14 22:33:30
187175624,Lildiz,saurfang,90,10,29,5,235,2026-03-16 11:33:56
187244611,Roghach,steamwheedle-cartel,71,11,4,9,67,2026-01-27 18:05:52
187263856,Darkfury,emeriss,80,1,10,9,105,2026-02-27 10:54:07
187297196,Zemlebur,terokkar,80,3,1,9,672,2025-10-31 09:25:52
187304767,Manicfluffy,saurfang,90,10,1,8,230,2026-03-15 18:46:25
187308115,Monikamonk,darkspear,80,3,25,6,637,2026-01-05 19:23:23
187320629,Catharsis,burning-steppes,90,12,29,6,235,2026-03-16 05:59:08
187414810,Nalaea,terokkar,90,11,4,4,239,2026-03-15 13:10:20
187419514,Dawnsky,saurfang,90,3,29,6,233,2026-03-16 13:27:43
187425410,Dïz,saurfang,80,11,4,9,86,2026-03-14 23:01:12
187454396,Amos,shattered-hand,80,2,1,6,122,2026-03-08 20:09:51
187468310,Jayla,terokkar,80,8,1,7,153,2026-02-20 00:01:51
187489184,Lupobianco,bloodfeather,67,4,22,9,64,2026-02-21 20:13:49
187493899,Sharzam,saurfang,80,11,4,6,713,2025-12-17 16:33:51
187503170,Dizturbed,saurfang,80,12,4,7,134,2026-03-14 21:48:18
187534791,Eriwi,moonglade,80,9,8,8,143,2026-01-30 20:37:54
187590923,Diz,saurfang,67,3,29,9,55,2026-02-09 12:22:39
187607820,Wtdouservher,bloodfeather,80,8,11,6,706,2026-01-05 22:12:19
187607840,Uisce,bloodfeather,90,7,11,5,242,2026-03-16 01:03:57
187652757,Buq,bloodfeather,90,11,4,6,234,2026-03-16 13:23:26
187660214,Illarith,saurfang,90,9,1,6,226,2026-03-14 21:25:33
187668859,Dianadruidka,azjolnerub,80,11,4,7,124,2026-01-28 16:45:19
187679533,Paloma,shattered-hand,80,7,11,8,119,2026-01-26 19:25:44
187696870,Fatfrodo,darkspear,80,5,85,5,153,2026-02-12 21:02:26
187698736,Dìz,saurfang,80,13,52,5,104,2026-02-09 12:22:08
187704157,Jest,saurfang,90,1,32,6,217,2026-03-16 01:05:15
187725797,Shinai,bloodfeather,80,11,32,6,680,2025-11-15 00:20:37
187745373,Moonyy,xavius,69,13,52,8,71,2026-01-31 16:27:37
187767292,Umbrya,terokkar,23,5,52,8,54,2025-12-01 18:28:09
187789956,Tix,terokkar,80,13,52,8,706,2025-12-21 16:16:36
187793684,Tanzanite,bloodfeather,75,3,85,9,77,2026-02-28 22:16:58
187812157,Ossian,darkspear,80,11,4,7,121,2026-03-05 18:22:26
187840389,Azyrelle,terokkar,90,12,4,7,193,2026-03-14 08:53:36
187843179,Gumball,saurfang,84,3,22,6,145,2026-03-16 09:28:31
187843356,Kaei,saurfang,80,8,29,9,136,2026-01-28 18:41:58
187856145,Nyarlathotep,burning-steppes,80,9,11,6,122,2026-02-26 21:17:03
187860987,Churg,shattered-hand,80,6,34,8,703,2025-12-04 20:08:22
187869212,Lucen,terokkar,80,2,1,6,150,2026-03-11 17:57:15
187879773,Euphoric,saurfang,80,7,34,9,131,2026-02-27 23:37:08
187910096,Ghostpaw,saurfang,80,10,25,8,118,2026-02-24 17:18:47
187916622,Neltharen,bloodfeather,26,13,52,9,61,2025-11-16 07:17:51
187934165,Elestra,steamwheedle-cartel,80,2,10,6,740,2025-12-06 19:37:34
187938482,Alya,moonglade,80,8,29,6,90,2026-01-24 19:39:01
187939717,Socalbarbie,bloodfeather,80,5,29,8,124,2026-02-05 22:23:21
187961883,Kettu,terokkar,80,3,22,9,644,2025-12-01 18:32:38
187965344,Daéndris,azjolnerub,80,2,11,6,126,2026-01-27 15:30:16
187969085,Biigwolf,turalyon,80,11,22,7,75,2026-03-10 15:30:03
187971529,Dumplin,terokkar,70,5,37,9,317,2025-10-29 19:16:56
187993701,Himiko,bloodfeather,80,3,25,7,102,2026-02-22 21:36:08
188043361,Asterinella,saurfang,84,9,4,6,137,2026-03-16 10:15:14
188046709,Lantash,bloodfeather,81,3,52,7,123,2026-03-15 16:06:41
188054650,Frodobeerbel,darkspear,80,3,85,8,102,2026-02-08 18:06:18
188056257,Corra,terokkar,80,1,32,8,551,2025-12-06 19:54:40
188061988,Inferii,darkspear,80,6,29,6,143,2026-02-21 18:13:06
188062526,Jiraei,darkspear,80,11,4,6,655,2026-01-15 14:54:50
188073740,Fallflame,terokkar,80,12,4,6,574,2026-01-20 19:21:16
188084415,Lighttroll,darkspear,80,2,31,6,102,2026-01-31 13:49:17
188085341,Talnaar,saurfang,80,2,11,6,113,2026-03-14 10:10:40
188086840,Bodie,terokkar,80,2,10,6,104,2026-03-06 19:00:39
188095618,Yuelin,terokkar,90,10,1,6,229,2026-03-15 19:50:27
188104358,Lokkur,saurfang,90,9,29,7,204,2026-03-16 01:03:51
188112959,Zelmer,terokkar,80,11,22,6,655,2026-01-20 16:15:52
188114638,Rippa,bloodfeather,80,4,37,9,591,2025-12-14 12:22:55
188123265,Marvello,moonglade,80,5,85,6,655,2026-01-20 21:38:59
188143684,Lyrra,terokkar,80,11,22,6,90,2026-02-05 13:27:23
188150459,Spírals,argent-dawn,35,2,1,7,32,2026-01-23 12:04:45
188161969,Ragemuffin,terokkar,80,1,4,6,102,2026-02-27 01:55:22
188169991,Bigdaddycane,terokkar,80,6,32,7,740,2025-12-04 21:50:27
188171847,Amarda,saurfang,80,4,4,9,655,2026-01-20 23:22:32
188172853,Mightypüss,turalyon,90,5,4,8,231,2026-03-16 12:03:08
188188214,Leanansidhé,darkspear,80,9,29,6,761,2025-12-29 22:33:21
188192901,Darqremix,terokkar,13,10,1,9,19,2025-12-08 12:35:21
188195862,Toghairm,bloodfeather,80,9,34,6,90,2026-02-02 21:21:27
188197218,Ecologicjer,draenor,84,11,86,9,150,2026-03-15 17:15:01
188198884,Vibaldi,doomhammer,89,9,3,6,174,2026-03-14 23:23:02
188201402,Emberz,saurfang,81,8,1,9,117,2026-03-04 21:58:31
188204159,Lemontart,darkspear,80,9,10,7,135,2026-02-24 15:29:01
188215074,Faron,terokkar,80,6,28,8,581,2025-12-06 19:45:56
188215110,Margoroth,terokkar,80,12,4,8,565,2025-12-06 19:44:27
188215146,Dïzturbéd,saurfang,51,6,11,8,55,2026-02-09 12:06:35
188220217,Aoras,terokkar,80,2,30,5,151,2026-01-23 22:50:35
188231492,Battosai,darkspear,80,12,10,7,142,2026-02-24 15:18:40
188231571,Perenelle,terokkar,80,9,27,8,585,2025-12-06 19:54:09
188239082,Shabbella,saurfang,80,2,1,3,740,2025-11-21 21:08:54
188241852,Gwendy,terokkar,80,6,1,9,102,2026-03-05 20:07:58
188242225,Notthatdeep,darkspear,90,12,4,9,223,2026-03-16 14:28:22
188246897,Plentymore,darkspear,80,2,10,9,104,2026-01-29 16:13:13
188254534,Wintermoon,bloodfeather,80,2,1,5,481,2025-12-15 02:34:55
188256703,Jayveeshka,terokkar,80,1,30,9,102,2026-02-22 15:42:02
188279188,Ðemonicæ,terokkar,68,12,4,9,58,2026-02-08 11:36:04
188294532,Sorra,terokkar,80,8,34,8,574,2025-12-06 20:57:25
188298178,Sollas,bloodfeather,80,2,3,9,583,2025-12-12 23:27:13
188304275,Orbitculture,executus,90,11,4,6,239,2026-03-16 01:35:24
188345428,Khadgay,bloodfeather,80,8,1,8,583,2026-01-18 01:54:43
188362830,Felyeah,saurfang,33,12,4,9,115,2025-11-10 20:45:20
188370146,Mattdaemón,saurfang,90,12,4,7,228,2026-03-15 23:36:43
188402279,Whops,terokkar,80,12,10,8,106,2026-03-06 18:51:44
188416778,Iciclé,terokkar,80,5,27,7,102,2026-03-06 18:54:36
188419312,Marlaw,shattered-hand,90,7,32,7,203,2026-03-15 22:07:20
188426247,Shadowcurse,bloodfeather,72,5,11,9,361,2025-11-21 22:32:35
188439677,Raana,bloodfeather,75,1,11,9,75,2026-03-03 15:24:32
188453655,Kathilin,bloodfeather,17,9,10,9,34,2025-11-23 23:27:05
188457906,Stunted,terokkar,80,2,3,8,102,2026-02-21 20:03:17
188459741,Zhalgor,burning-steppes,88,9,29,8,182,2026-03-14 20:43:15
188464795,Férnando,darkspear,90,6,11,6,222,2026-03-11 18:35:01
188467958,Dïana,azjolnerub,80,12,4,6,125,2026-01-27 15:43:58
188471957,Brayyjex,darkspear,87,11,22,7,174,2026-03-15 17:31:23
188492490,Igonbuy,burning-steppes,82,7,2,8,130,2026-03-02 14:04:46
188494220,Lyssra,burning-steppes,88,6,3,8,184,2026-03-14 20:42:35
188502992,Rutth,terokkar,80,11,22,9,583,2025-12-07 18:06:11
188506928,Necrofrodo,darkspear,90,6,1,6,241,2026-03-16 13:59:40
188531529,Troopmourne,moonglade,80,6,3,9,655,2026-01-03 07:06:01
188541466,Kareina,terokkar,80,3,35,9,111,2026-01-23 22:25:46
188565614,Spellslinger,terokkar,90,8,52,4,237,2026-03-15 15:58:16
188575962,Sagart,bloodfeather,80,5,29,9,614,2025-12-18 00:28:53
188576467,Malcorn,saurfang,80,8,29,9,93,2026-03-14 10:07:08
188579052,Triqs,darkspear,80,7,34,8,645,2025-12-31 17:42:01
188584140,Wyra,terokkar,80,1,11,9,510,2025-12-22 22:19:55
188592056,Waria,bloodfeather,80,1,25,8,586,2026-01-18 20:47:18
188592950,Sneeseism,tarren-mill,80,1,6,7,167,2026-02-27 15:17:21
188604331,Satanistic,terokkar,80,6,34,8,118,2026-03-11 19:47:21
188625925,Aruun,darkspear,90,8,11,8,219,2026-03-16 09:54:30
188643209,Blackwater,darkspear,80,1,1,9,128,2026-03-15 20:15:05
188699156,Kryon,bladefist,90,1,11,9,193,2026-03-15 00:08:29
188702723,Stabby,burning-steppes,90,4,4,8,226,2026-03-09 08:41:33
188730475,Olgaki,darkspear,80,12,10,9,655,2026-01-12 13:02:10
188736652,Moltarn,saurfang,80,7,34,9,127,2026-02-25 14:51:23
188777640,Noratix,darkspear,84,9,7,8,128,2026-03-16 06:42:56
188779825,Elementalism,darkspear,80,7,3,9,115,2026-02-26 19:36:06
188783910,Loq,bloodfeather,80,5,1,9,140,2026-02-28 23:24:04
188784145,Ioannis,darkspear,90,2,1,5,228,2026-03-15 20:54:58
188784765,Ramplock,burning-steppes,90,9,29,8,227,2026-03-10 22:17:39
188789301,Yoq,bloodfeather,90,6,1,9,229,2026-03-16 13:25:03
188793839,Voiddemon,darkspear,80,12,29,9,96,2026-02-25 11:24:35
188798085,Demonioo,terokkar,80,12,29,9,130,2026-02-25 19:11:42
188808337,Deathglaive,darkspear,80,12,29,8,135,2026-02-26 17:20:59
188853667,Artrog,darkspear,90,4,1,6,205,2026-03-14 11:47:25
188857761,Frathia,saurfang,81,5,29,7,135,2026-03-14 20:16:10
188858755,Grimstorm,bloodfeather,90,7,34,6,227,2026-03-16 00:21:16
188872599,Froglover,darkspear,90,3,4,6,223,2026-03-09 21:48:02
188895340,Jax,korgall,80,1,1,9,70,2026-03-04 17:15:56
188906339,Aql,terokkar,33,2,1,7,30,2026-02-27 22:50:00
188913690,Caress,darkspear,80,3,4,6,131,2026-03-05 23:28:55
188921052,Yannah,terokkar,80,12,29,9,125,2026-03-09 20:11:50
188926335,Mikkedoos,darkspear,83,8,29,5,124,2026-03-15 23:58:13
188933700,Iwilldevouru,saurfang,59,12,29,8,52,2026-02-26 23:32:59
188941583,Malerica,darkspear,80,8,10,6,111,2026-03-16 13:50:31
188941613,Xenari,darkspear,80,5,11,7,59,2026-03-16 01:07:27
188948655,Willems,terokkar,90,2,1,6,208,2026-03-15 20:56:05
188954085,Khaom,darkspear,90,12,29,6,218,2026-03-08 21:43:47
188957121,Darqvoid,terokkar,80,12,29,3,115,2026-02-20 21:59:30
188957162,Igonbuye,burning-steppes,80,2,1,9,101,2026-03-01 22:18:30
188958949,Chumlord,terokkar,90,1,1,6,231,2026-03-16 00:22:18
188958962,Silverlocks,shattered-hand,80,2,1,7,80,2026-02-27 20:12:14
188967312,Kenaichi,shattered-hand,80,10,10,9,92,2026-03-13 22:17:18
188969144,Lemontärt,darkspear,89,9,29,7,173,2026-03-15 20:10:43
188969165,Rurouni,darkspear,88,12,29,6,174,2026-03-15 14:46:11
188969423,Voidie,terokkar,43,12,29,8,35,2026-02-25 22:04:23
188976142,Drienella,darkspear,49,8,30,8,29,2026-03-02 13:51:26
188977227,Troopslayer,moonglade,80,12,4,3,145,2026-02-26 17:32:46
188984248,Mornatix,darkspear,36,1,4,7,25,2026-03-12 20:20:22
188986368,Bongex,shattered-hand,80,10,25,7,86,2026-03-16 12:10:18
188999243,Corwin,terokkar,90,4,4,6,194,2026-03-15 21:52:13
189008701,Passiflora,darkspear,22,5,29,8,13,2026-03-02 19:43:30
189009824,Nallo,darkspear,16,10,1,9,10,2026-03-03 17:48:16
189009869,Jerremelerry,darkspear,90,7,34,6,224,2026-03-15 17:22:52
189012729,Vorthos,terokkar,90,12,29,1,234,2026-03-13 23:05:14
189016920,Galimemnon,darkspear,89,1,1,6,185,2026-03-15 17:23:34
189031698,Wukong,darkspear,90,10,86,7,228,2026-03-14 17:14:38
189033537,Mecharogue,burning-steppes,83,4,37,8,135,2026-03-08 21:40:36
189036925,Papawilly,darkspear,90,11,32,7,192,2026-03-15 18:32:25
189039543,Frogfriend,darkspear,82,11,86,6,131,2026-03-13 14:35:58
189040854,Mávis,terokkar,82,11,86,9,128,2026-03-05 12:52:52
189043323,Tankysmashy,terokkar,84,2,30,8,149,2026-03-16 11:45:18
189059970,Bolzebub,darkspear,24,12,29,9,18,2026-03-13 20:55:24
189060208,Holyjer,darkspear,18,2,30,9,10,2026-03-15 19:19:35
189086929,Eviljer,darkspear,90,9,7,6,224,2026-03-16 12:09:00
189104883,Avantar,darkspear,10,7,86,9,6,2026-03-12 15:51:46
189643701,Lamexxie,ragnaros,90,7,35,6,209,2026-03-12 14:16:34
190526546,Galadriél,ragnaros,87,6,10,8,168,2026-03-16 12:00:58
190708276,Nìghtwolf,frostmane,90,11,4,7,237,2026-03-14 23:08:18
190761370,Rèxy,frostmane,80,1,7,9,159,2026-02-20 02:05:20
190940764,Nìghtblade,frostmane,90,12,4,6,241,2026-03-14 22:57:51
191636166,Webnado,ragnaros,80,1,3,8,146,2026-01-22 23:39:42
192893549,Valevias,twisting-nether,90,12,10,8,231,2026-03-15 23:03:29
193501343,Nightwítch,ragnaros,90,11,4,7,216,2026-03-14 14:17:14
193966013,Dragonwítch,ragnaros,90,3,52,6,243,2026-03-16 13:54:54
194086429,Valenthra,ragnaros,80,6,4,8,712,2026-01-13 18:07:24
194093802,Rhaastfury,ragnaros,80,12,4,8,709,2026-01-13 18:10:03
197118708,Kristha,chamber-of-aspects,80,1,22,6,707,2026-01-10 06:22:18
197974054,Wíggsy,kazzak,80,6,36,8,142,2026-03-09 23:21:55
198097477,Wiggzard,kazzak,90,8,2,7,222,2026-03-16 11:01:18
198873006,Ime,silvermoon,47,3,1,8,158,2025-11-25 19:11:27
200089934,Wíggzz,kazzak,90,2,84,8,227,2026-03-15 22:26:49
206877368,Dannia,silvermoon,90,13,52,6,238,2026-03-15 23:10:01
210084856,Alexsonny,arathor,90,2,1,6,228,2026-03-15 15:02:51
213463778,Manbearpigz,frostmane,87,11,4,7,163,2026-03-15 23:49:50
214342713,Bigwizard,silvermoon,80,8,7,9,151,2026-02-27 10:50:58
215547654,Dididamoshni,kazzak,80,4,4,8,119,2026-02-15 08:20:56
217155785,Demonhunte,outland,80,12,4,6,684,2026-01-08 11:29:25
217843538,Sungjinwóo,outland,80,2,85,7,127,2026-03-05 23:25:09
218054277,Trafalgarláw,outland,80,3,4,6,121,2026-03-03 19:29:52
218111000,Kuroyukihimé,outland,90,8,4,6,217,2026-03-12 18:02:58
218485096,Harukasakura,outland,81,10,4,9,88,2026-03-08 17:41:15
218809278,Evimist,sylvanas,90,10,4,9,237,2026-03-14 15:42:40
218902306,Manjirou,outland,85,4,4,6,148,2026-03-15 19:05:29
220637792,Sungjinwoó,outland,82,11,4,6,127,2026-03-11 15:35:12
220703343,Darkchi,silvermoon,80,10,29,9,101,2026-03-13 19:19:14
220737658,Smacit,silvermoon,87,9,4,8,161,2026-03-15 21:38:16
222090821,Lifecaller,silvermoon,80,7,85,8,130,2026-02-27 10:52:29
222470238,Kuróyukihime,outland,80,12,4,9,532,2025-11-21 14:41:44
222561645,Randalthór,outland,80,3,52,7,776,2026-01-15 19:59:18
223117170,Loftykonuk,silvermoon,80,6,34,9,757,2025-12-18 11:07:13
223121935,Verronah,frostmane,80,2,11,9,152,2026-03-06 04:33:35
223163487,Alperin,silvermoon,80,1,1,8,698,2026-01-03 03:51:47
223189455,Loftypanda,silvermoon,80,10,25,7,648,2026-01-02 08:19:59
223330973,Cindarion,silvermoon,34,11,4,9,138,2026-01-11 11:43:15
223485257,Mesay,silvermoon,80,8,4,9,167,2026-03-07 21:35:08
223813149,Simplefurion,chamber-of-aspects,90,11,4,6,237,2026-03-15 19:18:17
224537808,Aquahoshino,outland,81,9,86,9,103,2026-03-07 18:54:38
234085366,Cagallyx,arathor,80,12,4,6,120,2026-02-14 14:05:01
241752557,Cagallyz,arathor,80,6,1,6,124,2026-02-25 16:39:09
244354617,Alexissonny,arathor,80,9,29,6,116,2026-02-05 16:05:31
245106883,Alexiasonny,arathor,90,7,11,6,216,2026-03-14 12:59:57
245394173,Eviform,sylvanas,84,11,4,9,124,2026-03-13 22:04:36
251150225,Evì,sylvanas,84,4,3,9,143,2026-03-15 23:13:07
254697744,Alexiastory,arathor,90,10,1,6,219,2026-03-14 12:55:55
257380250,Eviwrath,sylvanas,80,2,1,8,138,2026-03-02 20:21:17
257548769,Hazl,balnazzar,83,1,1,6,134,2026-03-06 20:57:19
260676000,Døts,hellfire,80,9,29,8,142,2026-03-03 19:08:22
261761934,Flærry,hellfire,80,1,85,8,106,2026-03-03 19:19:15
264891146,Shinnyguy,sylvanas,80,2,10,8,102,2026-02-21 17:25:51
265279701,Spánktank,auchindoun,90,12,29,6,185,2026-03-15 23:01:26
187085485,Froglady,darkspear,86,7,11,6,162,2026-03-15 21:00:58
188839263,Vaelorian,darkspear,88,12,29,8,178,2026-03-16 01:28:24
182704273,Parabatai,darkspear,82,3,4,9,134,2026-03-14 16:13:28
183376840,Dooms,terokkar,83,5,1,8,125,2026-03-16 00:54:51
187103943,Hibisham,terokkar,90,7,34,8,213,2026-03-16 01:12:13
189076849,Dwzed,terokkar,82,11,4,9,118,2026-03-14 14:36:07
189094322,Chan,shattered-hand,90,10,4,9,191,2026-03-16 02:51:09
174122537,Aná,terokkar,90,4,7,9,194,2026-03-15 18:47:05
173097809,Warghas,darkspear,80,1,22,9,100,2026-03-16 13:04:56
189076917,Lücie,terokkar,85,11,4,8,150,2026-03-15 23:08:32
189112842,Foster,darkspear,84,7,34,7,146,2026-03-14 16:00:25
178170479,Ranier,executus,90,1,1,7,218,2026-03-15 23:22:05
174561256,Nemeyeth,saurfang,83,11,4,9,149,2026-03-14 16:03:43
189071813,Mechman,darkspear,36,8,37,8,19,2026-03-14 19:55:48
185888386,Tekkart,darkspear,80,5,1,9,93,2026-03-14 17:33:23
172517427,Tayosah,darkspear,81,12,4,9,112,2026-03-15 09:47:03
188848798,Ramprry,burning-steppes,87,11,22,9,166,2026-03-16 03:59:39
172274600,Gróin,darkspear,85,1,1,9,153,2026-03-15 23:23:14
188315438,Arísu,darkspear,82,10,29,8,126,2026-03-15 22:06:46
172608110,Diablô,darkspear,73,2,1,9,65,2026-03-15 15:18:05
189003780,Naraye,bloodfeather,81,4,29,9,103,2026-03-15 22:23:53
188832505,Kyns,terokkar,86,7,11,9,147,2026-03-15 22:48:50
189025408,Novelyn,terokkar,90,11,86,6,228,2026-03-16 13:10:47
189087077,Izkelia,terokkar,60,3,86,9,55,2026-03-16 14:28:52
182660821,Whysyo,terokkar,88,9,29,7,179,2026-03-15 20:30:14
186551132,Kreiniz,executus,82,8,1,8,126,2026-03-16 07:55:12
188864002,Zyra,darkspear,87,4,29,9,166,2026-03-15 23:35:18
188574071,Arwin,executus,90,11,4,9,225,2026-03-16 10:10:34
186057991,Nocticula,terokkar,90,12,4,8,221,2026-03-15 22:21:32
182537350,Morrpheus,darkspear,87,2,1,9,157,2026-03-15 19:03:22
189109694,Jossei,executus,20,7,85,9,18,2026-03-15 00:52:46
189124233,Somnys,darkspear,24,11,4,9,18,2026-03-16 11:10:18
185807191,Minkin,terokkar,86,10,1,9,173,2026-03-16 13:56:59
172971968,Violetwhite,defias-brotherhood,90,8,29,6,205,2026-03-15 23:54:03
774433,Unwanted,korgall,90,11,4,9,170,2026-03-16 04:11:53
188947526,Aegohn,argent-dawn,90,2,1,9,239,2026-03-16 11:09:58
189128568,Bluealien,nordrassil,80,2,11,9,102,2026-03-15 22:03:30
189125131,Abcd,saurfang,83,10,22,9,123,2026-03-15 23:32:33
189117870,Deathyjer,darkspear,21,6,1,9,13,2026-03-16 01:42:55
224258272,Falset,silvermoon,90,5,4,9,231,2026-03-16 04:01:49
186613711,Juren,executus,80,2,1,9,110,2026-03-16 08:21:56
