id,name,total_quantity,total_points
80641023,Gritty,0,0
171699675,Temdral,0,0
171832831,Nommaz,0,0
172304504,Blazé,0,0
173251219,Shortieshots,0,0
173311170,Tink,0,0
173937275,Kíttykat,0,0
174435248,Zythalyn,0,0
175300789,Stoneadin,0,0
177719478,Lupine,0,0
179042429,Vanísh,0,0
182340448,Mythtic,0,0
182844310,Tíger,0,0
182902447,Gizella,0,0
184167090,Drongo,0,0
184736763,Mookí,0,0
185175594,Zalír,0,0
185292465,Físh,0,0
185513791,Sherlyne,0,0
185928704,Lemixclaw,0,0
186110183,Warlóck,0,0
186275595,Danto,0,0
186686159,Cradwick,0,0
187056347,Perthion,0,0
187415120,Wisper,0,0
187833162,Wednésday,0,0
188039876,Gnomagéddon,0,0
194165739,Brínn,0,0
220856629,Chuknorrís,0,0
411972,Hellgnome,3514,28360
881626,Trix,1001,8920
34321071,Endar,1440,10990
66053163,Saeko,1787,14070
74897026,Hotmezz,2164,18795
83940663,Aztella,669,5995
85508890,Lookatmebaby,1107,9900
85639235,Kwagga,1907,16465
85870907,Elgaros,1471,13085
87675764,Rusuu,1433,11920
88214463,Coldwarz,1283,11810
98166633,Boychefkok,926,7855
98377281,Fetalouda,2189,18670
101432743,Mistapeepee,1980,17485
101911674,Lowtide,1002,8525
103934172,Didan,1914,16815
104274165,Béarpró,1457,12060
104280042,Màssive,2761,22825
106811434,Tosee,1360,11265
108951408,Iddybiddy,2090,18115
109102427,Shíftii,2758,23780
111110985,Hanana,3601,28960
116683021,Castorel,1307,10140
116708097,Nonea,4287,34015
119545429,Lafavele,648,5165
121792480,Bettybones,1824,15730
124241260,Visilya,226,2015
128452530,Kafál,2967,25260
130460081,Gildarion,1466,13065
130930399,Kazeshíní,3486,29135
131695314,Spazzingout,2841,23360
133004620,Kanters,3319,27380
133011836,Nilvek,5642,48885
133088290,Vados,3282,25675
133423620,Obscurity,2902,22535
133769874,Xenomatter,1107,9900
134781063,Bouchon,1166,10055
137825129,Lafvel,672,5350
137892595,Demonalpha,2766,21815
137900301,Rosestormrag,3887,32025
138173887,Aression,1107,9900
142613532,Shopaholly,2407,21515
144107654,Ashadori,3353,26275
145132172,Troopp,3835,31295
147047862,Rhoned,2369,19275
149691896,Redtubeme,1784,14985
153654841,Ghin,3456,28890
157854219,Anastari,3341,26175
159812082,Shado,2910,22625
161166041,Aiyone,2839,22270
161430909,Lorrax,2989,25405
163707722,Bullshotta,1019,8330
163759599,Otius,2436,19915
164888221,Swaxx,1304,10735
165101607,Zbancioc,1255,10305
166198316,Beastmastery,2875,24530
168362156,Botiss,2436,19915
168369145,Cealla,2048,17325
168495036,Ironshots,1249,10240
168503783,Ashantho,2397,19580
168655429,Kynjare,2058,17420
168868379,Ganashi,2436,19915
169084278,Astralchick,2436,19915
169124817,Cabbar,1709,14500
169538718,Balad,1678,14260
170009597,Fragatth,2430,19860
170643172,Baijara,2018,16320
171643269,Recruit,1770,13925
171649236,Lineerune,1347,11010
171673505,Treasagreen,1933,15890
171712547,Véngence,1576,13460
171718537,Uryu,396,3470
171722947,Elgladiator,1814,16205
171732059,Theblueguy,2711,21145
171739112,Bobblez,2158,18075
171749325,Rhainecloud,2546,21520
171761485,Diztruction,2597,22720
171768546,Guenevéré,2646,21590
171768638,Thogros,2649,21615
171770607,Stridér,2712,21155
171774568,Magefist,1683,14115
171780286,Mizzery,1689,14680
171785661,Darkdream,2188,18960
171786761,Krest,2910,26350
171799117,Haamer,2319,19440
171802604,Peetsj,3461,30170
171823123,Zarramon,1994,17440
171823505,Aras,2271,19475
171840634,Pikkeduvan,1707,14330
171842404,Mireyia,1667,13990
171856030,Ceyro,4962,40215
171875644,Illawrath,1484,12290
171882550,Lhunaris,1343,12200
171883617,Rumido,1230,10790
171927870,Tinystab,3622,28875
171952269,Nakedlasagne,2714,23550
171957404,Waraith,1433,11920
171965823,Tinyfrost,3622,28875
171965903,Kirkmeister,1302,11415
171967635,Falagir,3625,28905
171979518,Mistresdíz,2554,22475
171980649,Tomas,4070,35880
171990579,Nightspirit,3232,27565
171991105,Sijo,3369,28390
172054661,Rootwo,2158,18075
172063971,Ellare,3265,26935
172077804,Garuul,3087,25080
172089202,Dulfron,2189,18965
172097802,Alexandreos,1435,11930
172105834,Arthúrshélby,2599,23430
172114844,Shaka,3616,29965
172116936,Taernin,2364,18465
172262339,Maximous,1624,14080
172263359,Mildrith,3061,26800
172271135,Primtah,1889,16465
172302959,Pikkabuu,2931,26045
172312492,Ranya,3009,25235
172313742,Tinyholy,3622,28875
172317759,Izett,3248,26225
172319122,Villivasara,2200,19055
172359178,Bodhmall,3802,31120
172365019,Labela,1083,9175
172371942,Jenben,2103,18245
172372681,Tinydiz,2554,22475
172397729,Wolfrick,3738,30620
172401527,Kausa,1980,18160
172411715,Dizneyhurt,2633,23045
172436858,Raijinn,2135,19770
172445123,Eleimus,2646,21590
172473381,Dottidotts,1204,9520
172508274,Ayda,2254,19005
172525460,Nytingale,2805,24440
172535791,Gilandrich,2170,19720
172537584,Kórra,2358,18760
172549957,Logistics,2629,20425
172555053,Freyakin,1947,15615
172555572,Shadowsheep,2293,19310
172556156,Jamie,2451,22470
172561711,Velli,1889,15990
172571173,Dîz,2634,23055
172574274,Hamboy,1651,14200
172581632,Snillida,2691,23355
172586321,Darq,2516,21935
172618521,Oraion,3836,30680
172623944,Cherlyn,2188,18960
172624606,Redhot,2771,23860
172633838,Vindiction,1974,16665
172676679,Twiztednipz,2380,19740
172682806,Stonefist,2294,19830
172691075,Talasha,1957,15535
172710380,Colder,1507,14365
172710477,Foricky,1957,15535
172761937,Shelockstel,2000,17460
172802191,Lunaria,2714,23550
172857879,Erionar,1460,12985
172902716,Nex,3443,28530
172916755,Milfred,1326,11505
172919015,Sverker,3374,28425
172929591,Relara,1474,11970
172948062,Tocho,3040,25560
172963055,Wineforme,1632,14160
172973746,Dotdotdeath,587,5315
172974071,Shadowmojo,582,5275
172983339,Demoniwiggz,2305,19540
173012734,Afanasia,1877,16425
173018659,Talisa,1334,11920
173019331,Ellye,1505,13755
173023688,Orwyn,5026,42780
173025925,Rouscha,2774,21900
173031788,Crossbreaker,291,2525
173036190,Malagigi,3820,31240
173047146,Veli,1974,16665
173048354,Twistedsoul,2871,24925
173050929,Moondream,2871,24925
173104889,Metall,2181,18745
173146279,Tharaniel,3630,28955
173148931,Illarinn,1432,11915
173193661,Keeku,1454,12680
173218688,Dicehunter,1888,16755
173271197,Barbellata,2809,24455
173297604,Lochaber,1474,14085
173302721,Myliana,2720,21570
173398144,Myna,1442,12475
173423887,Olgítsa,4089,33960
173430178,Saerdnaa,2691,23355
173455797,Roarfury,2646,21590
173515596,Aphrodizia,2554,22475
173522702,Merlim,1894,15210
173554131,Freiia,3010,27195
173560907,Hunterbel,2061,17275
173584945,Unikkat,3037,25525
173595568,Melissant,2316,18555
173606567,Jääntuoja,2189,18965
173670324,Cyainabit,1511,12635
173696513,Velthelda,4395,35690
173712138,Amdumb,470,4090
173723032,Slyg,1560,13380
173750741,Garlax,676,6120
173787303,Manoftime,1994,17440
173925191,Judgémental,2699,22035
174066797,Darqhealz,2523,21990
174069433,Martn,1281,11225
174092413,Questy,1624,14080
174096374,Wîcca,2375,20265
174157558,Ajénal,3190,25740
174164264,Gimlihunter,1917,16850
174177962,Brunelda,2696,23400
174180167,Raelya,2875,23685
174183911,Arcyan,1786,14070
174217211,Darqmees,2507,21855
174232145,Izalor,1509,13540
174331297,Kylastar,2488,20955
174336652,Relentles,2887,23730
174394355,Tenika,3756,32100
174424361,Kippona,1877,16425
174424471,Krenberry,3476,30265
174424517,Euandros,3999,33325
174424570,Haralamb,2051,17355
174425108,Shootær,3999,33325
174425580,Swiftnsure,2000,17460
174425935,Yasunda,1087,9215
174426166,Doragon,3591,29325
174428208,Deathanddki,3472,29115
174429474,Lyione,2376,19965
174429644,Scrumptious,2872,24930
174432932,Deathseker,3478,29150
174436375,Sofy,2246,19220
174436394,Zidas,1110,9410
174440773,Thómashélby,2667,23945
174487991,Daealla,1982,16180
174488154,Deathseekery,3525,29525
174495748,Yaena,2085,18515
174499029,Tinytelman,2000,17460
174505158,Ljayne,3973,33080
174507480,Laurajayne,3981,33150
174534294,Shabba,3174,26280
174546694,Darlingzilia,3999,33290
174547546,Dustydan,2000,17460
174556634,Wîcked,2375,20265
174569787,Kaidence,2571,22440
174569916,Torsden,4975,40310
174573193,Wîtch,2396,20400
174574181,Carandil,1943,16905
174592488,Dalyth,4791,41285
174595534,Moonsiren,2870,24925
174597627,Kysteria,3353,26275
174597762,Brazenhussey,2871,24925
174607208,Troyster,4283,35535
174607296,Decension,3825,32335
174614496,Bluether,3180,27155
174615476,Ziliarini,3932,32700
174625604,Suchmonk,2816,25235
174626933,Skarlett,3248,26225
174631115,Deathshunter,3439,28840
174632869,Mizzaurora,4679,38255
174636621,Desinty,2900,25330
174636700,Tavin,2704,23470
174637366,Shrikei,2713,23540
174637608,Livanne,3760,30580
174637752,Krennan,3517,30590
174638021,Quady,3820,31240
174638682,Colandra,2000,17460
174638937,Malumebullio,3965,31660
174639051,Deathdemon,3439,28880
174639194,Vincentae,3310,29635
174639332,Arthurshélby,2608,23505
174639499,Deathbigears,3528,29555
174639653,Deathseekerv,3528,29555
174639935,Gorkan,3180,27155
174641065,Dutchmenn,2577,22880
174641289,Thawne,3825,32335
174662713,Angeloflife,3294,30975
174688055,Maharét,2211,18215
174821673,Fyrebeard,4398,37590
175294332,Silvermage,2661,21820
175328917,Lairiel,1479,12010
175368325,Lorénthia,3182,25760
175414242,Petitcoeur,1701,14795
175478234,Bloodrins,2363,19325
175478371,Kiany,2042,17285
175504046,Gardarion,1656,13490
175504826,Demonglide,1279,10965
175523411,Shuey,2906,24245
175680572,Chily,2368,19355
175857918,Makuta,1786,14070
175865790,Sereneety,2000,17460
175893343,Fern,958,8685
175898085,Ulfgrom,2295,20380
175953091,Faedra,2108,17380
176055394,Darqshaman,2464,21495
176228664,Ruckus,1393,12680
176369182,Missdmeanor,3332,27980
176412556,Jamina,586,4695
176416503,Mayadik,1388,11950
176677135,Handfaste,1353,11510
176837926,Nairi,1319,11605
176865904,Mudiwa,1785,14060
176911637,Descarte,1353,11510
176959362,Tarwis,803,7345
177078250,Hejtuur,1382,11565
177153562,Kremonn,2472,19920
177155770,Cartron,2425,20160
177285040,Questro,1626,14100
177293147,Sivara,3282,25675
177333770,Lawr,2899,25325
177349722,Luckle,1506,12955
177409164,Humanpaladin,2380,19740
177409200,Spodokomodo,2342,19430
177409291,Skrinx,2380,19740
177698382,Black,224,1995
177727943,Mistaweewee,1931,17000
177895892,Ceasar,1359,11570
178013061,Bryon,1065,9145
178060397,Zandria,2238,18045
178119449,Mikurix,2820,24640
178149604,Athemis,2788,24380
178295288,Aradeni,2818,24620
178332126,Bladesky,3444,28830
178397571,Krátós,1128,10630
178477806,Bunnykins,2787,24370
178676904,Purrincess,2084,17155
178779514,Imsneezy,2711,23320
178961003,Nitarian,1267,11305
179136553,Nima,1446,11730
179158813,Imgrumpy,2755,23740
179277698,Zalrias,2395,20255
179375522,Sharlaton,2000,17460
179396095,Menethill,831,7475
179396122,Bobleearrow,836,7525
179435749,Wîenna,2375,20265
179592276,Rosali,1446,11730
179717616,Caelenne,2502,21300
179718028,Lennaya,2502,21300
179800014,Wíggs,2308,19555
179806650,Romen,2239,19730
179842150,Brámble,2736,21785
179912109,Velvetvixen,2870,24925
179923203,Ruckle,1506,12965
179923470,Beefyelf,2179,19435
179964361,Vanith,1436,11940
179972375,Rogueckle,1590,13650
179989359,Zajmoon,2064,16000
180031291,Cyainasec,1451,12150
180051284,Atheliss,2820,24640
180065513,Sillver,2320,19785
180068743,Threerivers,2153,19175
180081403,Kungfupandaa,2085,16195
180128488,Gryhm,1353,11510
180237481,Smokelock,1310,11885
180241075,Nakwena,2502,21300
180253383,Onebreath,2138,19090
180261106,Snowyn,1577,13570
180319181,Lightstalker,2750,23940
180328244,Taradan,2753,24115
180337005,Tremac,1757,15410
180374899,Zais,2272,19480
180410074,Sorrow,2674,21140
180468791,Sheep,2206,18595
180507331,Kenchoo,2995,25060
180548139,Jaloh,2306,19695
180612112,Artaraz,2872,24865
180638035,Pausechamp,2872,24865
180676238,Lorthius,2915,24360
180734700,Dentraki,3416,28455
180764298,Ayani,2925,22645
180805007,Azsuna,3016,25205
180917954,Sumera,2316,18555
181060344,Shartman,982,9230
181093097,Ramsi,4263,35315
181098942,Tarwyss,803,7345
181141202,Nytram,1280,11215
181259475,Strm,2273,19485
181318506,Draenerys,1428,11845
181338110,Riker,467,4105
181351879,Ranith,1440,11935
181371263,Tarwiis,801,7325
181526609,Slyd,1560,13380
181533206,Onana,1885,16435
181563304,Hqofficer,1508,13485
181601973,Kirkgon,1281,11225
181767070,Donkraften,1829,15970
181822699,Diadora,2165,17400
181853768,Everdeen,2750,23940
181945997,Tzien,1463,12125
181981249,Panthro,3495,28585
182000665,Kiharne,1843,14505
182006488,Salexe,1406,12055
182023421,Bloodfist,2225,17940
182067060,Quinax,1675,15215
182256780,Olívíá,632,5825
182269421,Suffusion,1784,15905
182276755,Elspeth,3273,27525
182325198,Snowblue,3387,27745
182343268,Eviblaze,2462,20045
182363502,Skorps,1385,11670
182380880,Legolàz,2165,17400
182403939,Varrocks,588,5550
182463516,Awoogah,1951,16225
182494185,Kenko,2676,21855
182501694,Jericho,2588,20155
182533300,Whitejuvel,3598,29800
182586779,Mogui,3622,29115
182595360,Molnia,2151,19210
182630987,Avvit,2861,24600
182636760,Scarlèt,2151,19210
182646829,Tinytracker,3563,28480
182689815,Buladin,1211,9415
182713858,Nest,1145,9805
182733415,Lumpolard,2740,23655
182766975,Tech,2018,15695
182769527,Sisyphus,458,4225
182857624,Babymorph,3601,28960
182960650,Shifti,2861,24600
183039712,Nicho,261,2370
183079028,Sneezydk,1089,9895
183120771,Dragodeath,3439,28880
183168838,Tweara,2502,21300
183169515,Monkswool,2905,24390
183247816,Cheinna,3356,28120
183260602,Cannabissaa,2569,22840
183349856,Sellania,2491,21225
183358892,Summermoon,669,5975
183359298,Högervänster,1547,13925
183361849,Kirkdog,1308,11475
183458358,Jägerbomb,2861,24600
183490952,Fanatheil,2872,24865
183516549,Tharwar,3563,28480
183679130,Mw,2666,21285
183698957,Arlyn,2053,17795
183705298,Doombar,2758,23780
183722300,Shädo,1465,12565
183724840,Wackle,1517,13050
183777873,Zérolove,1385,12350
183793524,Danksvensson,2293,19705
183819968,Apolo,1504,12050
183944878,Myná,1442,12475
184056699,Otodlyadida,810,6165
184137826,Amhere,1652,13920
184169703,Krenling,3476,30265
184226753,Elysio,2747,22470
184233438,Muschízerstö,1218,9475
184311499,Shadowfalen,217,2020
184314184,Truaim,2871,24670
184316447,Jordskred,1072,10210
184323457,Janiebanwen,1546,13660
184340634,Grenadier,1106,9345
184388414,Eversor,2853,24620
184405219,Lotusblossom,2821,24560
184421434,Thelamon,1064,9365
184450819,Discoveries,2451,22470
184456650,Zajmon,2064,16000
184516415,Vairozpr,2036,16665
184614473,Earthadin,5143,41530
184620715,Remara,2571,22440
184650441,Lighthoff,2805,24540
184653293,Xinthya,3560,28630
184666144,Yueigami,2398,18905
184668917,Arthaniss,1110,7780
184677070,Avan,1758,15420
184736422,Walterwhite,2977,25555
184742599,Chieara,996,9210
184801910,Durinar,1757,15410
184815172,Précilla,2776,23415
184829578,Callahan,1617,13600
184837305,Moonkeeper,545,4900
184838819,Alise,3347,28060
184852583,Michael,2451,22450
185018485,Nessara,3356,28120
185027349,Tialli,1353,11415
185082031,Sarcophagus,2972,24425
185088462,Thyma,3356,28120
185176004,Dralon,4566,39370
185185529,Mezzino,4491,36960
185189029,Mechafrodo,2346,18770
185201043,Mini,2451,22470
185225510,Marianneje,3450,30850
185251729,Esthar,2161,18500
185253762,Zarise,2815,22980
185349948,Andromache,3417,30435
185357289,Fjutten,1707,14330
185452062,Avgdmonnjoyr,2400,19955
185459293,Adjudicator,2615,20320
185479834,Zenah,1982,16180
185507303,Mikane,2382,19200
185509930,Thebeastess,2000,17460
185540441,Dio,3039,24060
185566373,Huntina,4395,35690
185566430,Totemiina,4395,35690
185578412,Tomchuk,2480,20965
185638546,Loomkin,2516,21935
185723218,Stryike,1436,11940
185725294,Valkia,1108,8555
185747569,Sleeptoken,3710,29315
185749020,Ståldk,2017,17410
185749667,Halley,2349,20130
185750293,Sophty,2451,22470
185751641,Vorai,3057,24250
185776517,Littleholy,264,2325
185810292,Evisham,2462,20045
185879766,Tinkerbellz,3035,25420
185902609,Elderflower,2770,22350
185931051,Arrax,2611,20330
185948678,Nimrod,1998,17490
185956378,Ameili,3259,27395
185963061,Dracthilya,1775,15410
186019504,Dismas,1402,11475
186024405,Gatoula,3918,32580
186030699,Woolferine,4302,35665
186031221,Howitzer,1216,9450
186085907,Eltaco,2848,24515
186106354,Nothu,1843,14505
186120047,Karistos,2553,20885
186130915,Mokkachino,1843,16845
186138765,Vespin,1485,12295
186154489,Fistdance,1796,15315
186186564,Thump,1544,13570
186262680,Ibragen,1070,9740
186298910,Huntaar,240,2050
186316294,Shammyx,1819,16210
186346098,Dirtbag,2861,24600
186367925,Lene,2065,17900
186429174,Meryn,3379,28290
186453520,Kinshara,1724,13495
186490356,Bod,2568,22415
186492536,Ramppo,1035,9800
186507414,Lightsworn,1075,10035
186514092,Evocus,1294,11535
186544445,Sneezret,1068,9740
186564989,Tootz,2089,18105
186565094,Nadja,3370,28215
186598400,Trefoil,3377,28270
186602989,Elissana,3273,27525
186605239,Ilok,1440,11940
186678557,Galgatur,517,4580
186704366,Bosch,797,6125
186712741,Williams,1620,13630
186755462,Dripdrizzy,504,4870
186805324,Cippi,1863,16295
186862104,Dannydan,1842,15140
186885600,Jayda,580,5265
186936707,Winifrida,3380,28295
186936711,Scyntillia,3198,26950
186946947,Prefired,1065,9145
186955606,Arãchne,1526,13395
186959696,Tinkerboom,2089,18105
186980326,Chaoskungfu,1912,16695
187011121,Smuckle,1590,13650
187089008,Sneakyfk,4995,41135
187132836,Dizmagic,2554,22475
187162544,Irnbrü,2609,22870
187173792,Skyforge,1571,13485
187175624,Lildiz,2634,23055
187244611,Roghach,2777,23045
187263856,Darkfury,3386,25400
187297196,Zemlebur,549,5305
187304767,Manicfluffy,2733,21760
187308115,Monikamonk,392,3540
187320629,Catharsis,3496,31050
187414810,Nalaea,2392,20445
187419514,Dawnsky,2872,24865
187425410,Dïz,2631,23035
187454396,Amos,1393,11535
187468310,Jayla,2322,19815
187489184,Lupobianco,467,3715
187493899,Sharzam,1697,13815
187503170,Dizturbed,2631,23035
187534791,Eriwi,2379,20350
187590923,Diz,2554,22475
187607820,Wtdouservher,491,3250
187607840,Uisce,2059,16335
187652757,Buq,2212,16770
187660214,Illarith,1487,12310
187668859,Dianadruidka,2151,19210
187679533,Paloma,985,7625
187696870,Fatfrodo,2346,18770
187698736,Dìz,2554,22475
187704157,Jest,1536,13745
187725797,Shinai,1487,11470
187745373,Moonyy,192,1670
187767292,Umbrya,1122,9480
187789956,Tix,367,3380
187793684,Tanzanite,1858,15475
187812157,Ossian,916,8065
187840389,Azyrelle,1061,9045
187843179,Gumball,1404,11495
187843356,Kaei,1433,11920
187856145,Nyarlathotep,1044,8040
187860987,Churg,911,7840
187869212,Lucen,645,5345
187879773,Euphoric,2547,21225
187910096,Ghostpaw,1337,10970
187916622,Neltharen,3004,26280
187934165,Elestra,2821,22165
187938482,Alya,3273,25660
187939717,Socalbarbie,540,3470
187961883,Kettu,1122,9480
187965344,Daéndris,2151,19210
187969085,Biigwolf,64,580
187971529,Dumplin,1071,9995
187993701,Himiko,1956,15530
188043361,Asterinella,3820,31240
188046709,Lantash,3271,26960
188054650,Frodobeerbel,2346,18830
188056257,Corra,3144,26580
188061988,Inferii,3247,28155
188062526,Jiraei,1933,15815
188073740,Fallflame,1330,11290
188084415,Lighttroll,3935,32700
188085341,Talnaar,2064,16000
188086840,Bodie,4237,35215
188095618,Yuelin,2316,18555
188104358,Lokkur,2980,23260
188112959,Zelmer,809,6155
188114638,Rippa,1829,14650
188123265,Marvello,3710,30305
188143684,Lyrra,1129,9525
188150459,Spírals,1852,16030
188161969,Ragemuffin,1797,15470
188169991,Bigdaddycane,1788,13720
188171847,Amarda,3228,27060
188172853,Mightypüss,236,2125
188188214,Leanansidhé,1482,11615
188192901,Darqremix,2439,21320
188195862,Toghairm,1943,15445
188197218,Ecologicjer,1874,16870
188198884,Vibaldi,76,715
188201402,Emberz,2282,19105
188204159,Lemontart,3996,33285
188215074,Faron,3123,26425
188215110,Margoroth,3143,26575
188215146,Dïzturbéd,2551,22325
188220217,Aoras,2296,19620
188231492,Battosai,3996,33285
188231571,Perenelle,3124,26430
188239082,Shabbella,3161,26160
188241852,Gwendy,2480,19575
188242225,Notthatdeep,3591,29325
188246897,Plentymore,3846,31395
188254534,Wintermoon,661,5915
188256703,Jayveeshka,934,7190
188279188,Ðemonicæ,1697,14340
188294532,Sorra,3144,26580
188298178,Sollas,1823,14635
188304275,Orbitculture,426,3520
188345428,Khadgay,1894,15040
188362830,Felyeah,3126,26005
188370146,Mattdaemón,2330,18465
188402279,Whops,4237,35215
188416778,Iciclé,4237,35215
188419312,Marlaw,1295,10765
188426247,Shadowcurse,3019,26290
188439677,Raana,644,5335
188453655,Kathilin,10,60
188457906,Stunted,2629,20425
188459741,Zhalgor,911,7065
188464795,Férnando,2564,20750
188467958,Dïana,2151,19210
188471957,Brayyjex,2735,23750
188492490,Igonbuy,219,1980
188494220,Lyssra,506,3495
188502992,Rutth,3147,26585
188506928,Necrofrodo,2451,19555
188531529,Troopmourne,3703,30260
188541466,Kareina,3212,26985
188565614,Spellslinger,2711,21145
188575962,Sagart,1842,14695
188576467,Malcorn,1402,11475
188579052,Triqs,182,1670
188584140,Wyra,3188,26890
188592056,Waria,1894,15040
188592950,Sneeseism,1089,9895
188604331,Satanistic,2000,17460
188625925,Aruun,370,3025
188643209,Blackwater,1828,15530
188699156,Kryon,1524,11905
188702723,Stabby,2147,17300
188730475,Olgaki,3923,32605
188736652,Moltarn,2322,19125
188777640,Noratix,123,1030
188779825,Elementalism,4002,33330
188783910,Loq,2165,16480
188784145,Ioannis,4093,34000
188784765,Ramplock,1077,10200
188789301,Yoq,2212,16770
188793839,Voiddemon,1862,15895
188798085,Demonioo,2910,24910
188808337,Deathglaive,3247,28155
188853667,Artrog,1398,12225
188857761,Frathia,3933,32555
188858755,Grimstorm,760,7050
188872599,Froglover,1296,10825
188895340,Jax,1457,12535
188906339,Aql,108,1030
188913690,Caress,3265,28290
188921052,Yannah,1950,16495
188926335,Mikkedoos,2822,24650
188933700,Iwilldevouru,2264,19175
188941583,Malerica,671,6535
188941613,Xenari,675,6570
188948655,Willems,142,1345
188954085,Khaom,1061,9080
188957121,Darqvoid,2464,21495
188957162,Igonbuye,219,1980
188958949,Chumlord,147,1380
188958962,Silverlocks,2204,18635
188967312,Kenaichi,157,1550
188969144,Lemontärt,4093,34000
188969165,Rurouni,4089,33960
188969423,Voidie,1420,11980
188976142,Drienella,544,4540
188977227,Troopslayer,3738,30490
188984248,Mornatix,118,980
188986368,Bongex,162,1615
188999243,Corwin,231,2155
189008701,Passiflora,1252,10515
189009824,Nallo,1771,15405
189009869,Jerremelerry,1874,16870
189012729,Vorthos,1530,12780
189016920,Galimemnon,1811,15790
189031698,Wukong,1074,9170
189033537,Mecharogue,1144,9630
189036925,Papawilly,612,5185
189039543,Frogfriend,1298,10845
189040854,Mávis,632,5825
189043323,Tankysmashy,1540,12530
189059970,Bolzebub,1800,15685
189060208,Holyjer,1874,16870
189086929,Eviljer,1875,16880
189104883,Avantar,4083,33930
189643701,Lamexxie,2532,22250
190526546,Galadriél,2824,23115
190708276,Nìghtwolf,2745,21815
190761370,Rèxy,2626,20840
190940764,Nìghtblade,2745,21815
191636166,Webnado,2288,18705
192893549,Valevias,2406,19260
193501343,Nightwítch,2810,23020
193966013,Dragonwítch,2813,23045
194086429,Valenthra,896,7970
194093802,Rhaastfury,896,7970
197118708,Kristha,1730,15130
197974054,Wíggsy,2281,19290
198097477,Wiggzard,2308,19555
198873006,Ime,1309,11615
200089934,Wíggzz,2308,19555
206877368,Dannia,4196,33255
210084856,Alexsonny,2778,23320
213463778,Manbearpigz,2230,18450
214342713,Bigwizard,3394,25445
215547654,Dididamoshni,1375,11590
217155785,Demonhunte,1266,10955
217843538,Sungjinwóo,2147,17790
218054277,Trafalgarláw,2130,17640
218111000,Kuroyukihimé,2157,17880
218485096,Harukasakura,2152,17830
218809278,Evimist,2461,20035
218902306,Manjirou,2160,17900
220637792,Sungjinwoó,2157,17880
220703343,Darkchi,3478,26120
220737658,Smacit,1946,16935
222090821,Lifecaller,3394,25445
222470238,Kuróyukihime,2100,17535
222561645,Randalthór,2120,17615
223117170,Loftykonuk,1341,10455
223121935,Verronah,237,2245
223163487,Alperin,1437,11370
223189455,Loftypanda,1426,11310
223330973,Cindarion,780,6880
223485257,Mesay,1419,11435
223813149,Simplefurion,961,8455
224537808,Aquahoshino,2151,17820
234085366,Cagallyx,2685,22495
241752557,Cagallyz,2717,22825
244354617,Alexissonny,2684,22525
245106883,Alexiasonny,2773,23270
245394173,Eviform,2459,20020
251150225,Evì,2462,20045
254697744,Alexiastory,2773,23270
257380250,Eviwrath,2406,19590
257548769,Hazl,930,8140
260676000,Døts,2838,21530
261761934,Flærry,2838,21530
264891146,Shinnyguy,3702,30250
265279701,Spánktank,1670,14415
187085485,Froglady,1299,10850
188839263,Vaelorian,2270,18760
182704273,Parabatai,3585,29305
183376840,Dooms,953,7885
187103943,Hibisham,2005,18480
189076849,Dwzed,1368,11900
189094322,Chan,365,3535
174122537,Aná,1934,18060
173097809,Warghas,1651,14200
189076917,Lücie,981,8420
189112842,Foster,1896,16565
178170479,Ranier,1345,10000
174561256,Nemeyeth,4983,40350
189071813,Mechman,545,4550
185888386,Tekkart,1444,12380
172517427,Tayosah,1503,12415
188848798,Ramprry,1178,11270
172274600,Gróin,1353,12355
188315438,Arísu,3590,29325
172608110,Diablô,1324,12130
189003780,Naraye,515,4560
188832505,Kyns,2185,18515
189025408,Novelyn,3562,30440
189087077,Izkelia,1509,12400
182660821,Whysyo,3180,26645
186551132,Kreiniz,1673,14730
188864002,Zyra,1248,10320
188574071,Arwin,1495,12310
186057991,Nocticula,2271,19425
182537350,Morrpheus,831,7475
189109694,Jossei,1673,14730
189124233,Somnys,676,6580
185807191,Minkin,1049,8830
172971968,Violetwhite,3890,32045
774433,Unwanted,2167,18820
188947526,Aegohn,1496,12310
189128568,Bluealien,588,5550
189125131,Abcd,2425,20160
189117870,Deathyjer,1874,16870
224258272,Falset,3606,28750
186613711,Juren,1673,14730
