id,name,alt,main
411972,Hellgnome,False,Hellgnome
881626,Trix,False,Trix
34321071,Endar,False,Endar
66053163,Saeko,False,Saeko
74897026,Hotmezz,False,Hotmezz
80641023,Gritty,False,Gritty
83940663,Aztella,False,Aztella
85508890,Lookatmebaby,False,Lookatmebaby
85639235,Kwagga,False,Kwagga
85870907,Elgaros,False,Elgaros
87675764,Rusuu,False,Rusuu
88214463,Coldwarz,False,Coldwarz
98166633,Boychefkok,False,Boychefkok
98377281,Fetalouda,False,Fetalouda
101432743,Mistapeepee,False,Mistapeepee
101911674,Lowtide,False,Lowtide
103934172,Didan,False,Didan
104274165,Béarpró,False,Béarpró
104280042,Màssive,False,Màssive
106811434,Tosee,False,Tosee
108951408,Iddybiddy,False,Iddybiddy
109102427,Shíftii,False,Shíftii
111110985,Hanana,False,Hanana
116683021,Castorel,False,Castorel
116708097,Nonea,False,Nonea
119545429,Lafavele,False,Lafavele
121792480,Bettybones,False,Bettybones
124241260,Visilya,False,Visilya
128452530,Kafál,False,Kafál
130460081,Gildarion,True,Elgaros
130930399,Kazeshíní,False,Kazeshíní
131695314,Spazzingout,False,Spazzingout
133004620,Kanters,False,Kanters
133011836,Nilvek,False,Nilvek
133088290,Vados,False,Vados
133423620,Obscurity,False,Obscurity
133769874,Xenomatter,True,Lookatmebaby
134781063,Bouchon,False,Bouchon
137825129,Lafvel,True,Lafavele
137892595,Demonalpha,False,Demonalpha
137900301,Rosestormrag,False,Rosestormrag
138173887,Aression,True,Lookatmebaby
142613532,Shopaholly,False,Shopaholly
144107654,Ashadori,True,Vados
145132172,Troopp,False,Troopp
147047862,Rhoned,False,Rhoned
149691896,Redtubeme,False,Redtubeme
153654841,Ghin,True,Kazeshíní
157854219,Anastari,True,Vados
159812082,Shado,True,Obscurity
161166041,Aiyone,False,Aiyone
161430909,Lorrax,False,Lorrax
163707722,Bullshotta,False,Bullshotta
163759599,Otius,False,Otius
164888221,Swaxx,False,Swaxx
165101607,Zbancioc,True,Swaxx
166198316,Beastmastery,False,Beastmastery
168362156,Botiss,True,Otius
168369145,Cealla,False,Cealla
168495036,Ironshots,True,Swaxx
168503783,Ashantho,True,Otius
168655429,Kynjare,True,Cealla
168868379,Ganashi,True,Otius
169084278,Astralchick,True,Otius
169124817,Cabbar,False,Cabbar
169538718,Balad,True,Cabbar
170009597,Fragatth,True,Otius
170643172,Baijara,False,Baijara
171643269,Recruit,False,Recruit
171649236,Lineerune,False,Lineerune
171673505,Treasagreen,False,Treasagreen
171699675,Temdral,False,Temdral
171712547,Véngence,False,Véngence
171718537,Uryu,False,Uryu
171722947,Elgladiator,False,Elgladiator
171732059,Theblueguy,False,Theblueguy
171739112,Bobblez,False,Bobblez
171749325,Rhainecloud,False,Rhainecloud
171761485,Diztruction,False,Diztruction
171768546,Guenevéré,False,Guenevéré
171768638,Thogros,True,Guenevéré
171770607,Stridér,True,Theblueguy
171774568,Magefist,False,Magefist
171780286,Mizzery,False,Mizzery
171785661,Darkdream,False,Darkdream
171786761,Krest,False,Krest
171799117,Haamer,False,Haamer
171802604,Peetsj,False,Peetsj
171823123,Zarramon,False,Zarramon
171823505,Aras,False,Aras
171832831,Nommaz,False,Nommaz
171840634,Pikkeduvan,True,Magefist
171842404,Mireyia,False,Mireyia
171856030,Ceyro,False,Ceyro
171875644,Illawrath,False,Illawrath
171882550,Lhunaris,False,Lhunaris
171883617,Rumido,False,Rumido
171927870,Tinystab,False,Tinystab
171952269,Nakedlasagne,False,Nakedlasagne
171957404,Waraith,True,Illawrath
171965823,Tinyfrost,True,Tinystab
171965903,Kirkmeister,False,Kirkmeister
171967635,Falagir,True,Tinystab
171979518,Mistresdíz,True,Diztruction
171980649,Tomas,False,Tomas
171990579,Nightspirit,False,Nightspirit
171991105,Sijo,False,Sijo
172054661,Rootwo,True,Bobblez
172063971,Ellare,False,Ellare
172077804,Garuul,False,Garuul
172089202,Dulfron,True,Darkdream
172097802,Alexandreos,True,Illawrath
172105834,Arthúrshélby,False,Arthúrshélby
172114844,Shaka,False,Shaka
172116936,Taernin,False,Taernin
172262339,Maximous,False,Maximous
172263359,Mildrith,False,Mildrith
172271135,Primtah,False,Primtah
172302959,Pikkabuu,False,Pikkabuu
172304504,Blazé,False,Blazé
172312492,Ranya,False,Ranya
172313742,Tinyholy,True,Tinystab
172317759,Izett,False,Izett
172319122,Villivasara,True,Darkdream
172359178,Bodhmall,False,Bodhmall
172365019,Labela,False,Labela
172371942,Jenben,False,Jenben
172372681,Tinydiz,True,Diztruction
172397729,Wolfrick,True,Bodhmall
172401527,Kausa,False,Kausa
172411715,Dizneyhurt,True,Diztruction
172436858,Raijinn,False,Raijinn
172445123,Eleimus,True,Guenevéré
172473381,Dottidotts,False,Dottidotts
172508274,Ayda,False,Ayda
172525460,Nytingale,False,Nytingale
172535791,Gilandrich,False,Gilandrich
172537584,Kórra,False,Kórra
172549957,Logistics,True,Theblueguy
172555053,Freyakin,False,Freyakin
172555572,Shadowsheep,False,Shadowsheep
172556156,Jamie,False,Jamie
172561711,Velli,False,Velli
172571173,Dîz,True,Diztruction
172574274,Hamboy,False,Hamboy
172581632,Snillida,True,Nakedlasagne
172586321,Darq,False,Darq
172618521,Oraion,False,Oraion
172623944,Cherlyn,True,Darkdream
172624606,Redhot,False,Redhot
172633838,Vindiction,True,Velli
172676679,Twiztednipz,False,Twiztednipz
172682806,Stonefist,False,Stonefist
172691075,Talasha,False,Talasha
172710380,Colder,False,Colder
172710477,Foricky,True,Talasha
172761937,Shelockstel,True,Zarramon
172762594,Aradeni,False,Aradeni
172802191,Lunaria,True,Nakedlasagne
172857879,Erionar,False,Erionar
172902716,Nex,False,Nex
172916755,Milfred,False,Milfred
172919015,Sverker,True,Sijo
172929591,Relara,False,Relara
172948062,Tocho,False,Tocho
172963055,Wineforme,True,Maximous
172973746,Dotdotdeath,False,Dotdotdeath
172974071,Shadowmojo,True,Dotdotdeath
172983339,Demoniwiggz,False,Demoniwiggz
173012734,Afanasia,True,Primtah
173018659,Talisa,False,Talisa
173019331,Ellye,False,Ellye
173023688,Orwyn,False,Orwyn
173025925,Rouscha,False,Rouscha
173031788,Crossbreaker,False,Crossbreaker
173036190,Malagigi,True,Bodhmall
173047146,Veli,True,Velli
173048354,Twistedsoul,True,Nytingale
173050929,Moondream,True,Nytingale
173104889,Metall,False,Metall
173146279,Tharaniel,True,Tinystab
173148931,Illarinn,True,Illawrath
173193661,Keeku,False,Keeku
173218688,Dicehunter,False,Dicehunter
173251219,Shortieshots,False,Shortieshots
173271197,Barbellata,True,Nytingale
173297604,Lochaber,True,Colder
173302721,Myliana,False,Myliana
173311170,Tink,False,Tink
173398144,Myna,False,Myna
173423887,Olgítsa,False,Olgítsa
173430178,Saerdnaa,True,Nakedlasagne
173455797,Roarfury,True,Guenevéré
173515596,Aphrodizia,True,Diztruction
173522702,Merlim,False,Merlim
173554131,Freiia,False,Freiia
173560907,Hunterbel,False,Hunterbel
173584945,Unikkat,True,Tocho
173595568,Melissant,False,Melissant
173606567,Jääntuoja,True,Darkdream
173670324,Cyainabit,False,Cyainabit
173696513,Velthelda,False,Velthelda
173712138,Amdumb,False,Amdumb
173723032,Slyg,False,Slyg
173750741,Garlax,False,Garlax
173787303,Manoftime,True,Zarramon
173925191,Judgémental,True,Guenevéré
173937275,Kíttykat,False,Kíttykat
174066797,Darqhealz,True,Darq
174069433,Martn,True,Kirkmeister
174092413,Questy,True,Maximous
174096374,Wîcca,False,Wîcca
174157558,Ajénal,False,Ajénal
174164264,Gimlihunter,True,Didan
174177962,Brunelda,True,Nakedlasagne
174180167,Raelya,True,Spazzingout
174183911,Arcyan,True,Saeko
174217211,Darqmees,True,Darq
174232145,Izalor,False,Izalor
174331297,Kylastar,False,Kylastar
174336652,Relentles,True,Spazzingout
174394355,Tenika,False,Tenika
174424361,Kippona,True,Primtah
174424471,Krenberry,True,Peetsj
174424517,Euandros,True,Olgítsa
174424570,Haralamb,False,Haralamb
174425108,Shootær,True,Olgítsa
174425580,Swiftnsure,True,Zarramon
174425935,Yasunda,True,Labela
174426166,Doragon,False,Doragon
174428208,Deathanddki,False,Deathanddki
174429474,Lyione,False,Lyione
174429644,Scrumptious,True,Nytingale
174432932,Deathseker,True,Deathanddki
174435248,Zythalyn,False,Zythalyn
174436375,Sofy,False,Sofy
174436394,Zidas,True,Labela
174440773,Thómashélby,True,Arthúrshélby
174487991,Daealla,False,Daealla
174488154,Deathseekery,True,Deathanddki
174495748,Yaena,False,Yaena
174499029,Tinytelman,True,Zarramon
174505158,Ljayne,False,Ljayne
174507480,Laurajayne,True,Ljayne
174534294,Shabba,False,Shabba
174546694,Darlingzilia,True,Olgítsa
174547546,Dustydan,True,Zarramon
174556634,Wîcked,True,Wîcca
174569787,Kaidence,False,Kaidence
174569916,Torsden,True,Ceyro
174573193,Wîtch,True,Wîcca
174574181,Carandil,True,Primtah
174592488,Dalyth,False,Dalyth
174595534,Moonsiren,True,Nytingale
174597627,Kysteria,True,Vados
174597762,Brazenhussey,True,Nytingale
174607208,Troyster,False,Troyster
174607296,Decension,False,Decension
174614496,Bluether,False,Bluether
174615476,Ziliarini,True,Olgítsa
174625604,Suchmonk,False,Suchmonk
174626933,Skarlett,True,Izett
174631115,Deathshunter,True,Deathanddki
174632869,Mizzaurora,False,Mizzaurora
174636621,Desinty,False,Desinty
174636700,Tavin,True,Nakedlasagne
174637366,Shrikei,True,Nakedlasagne
174637608,Livanne,False,Livanne
174637752,Krennan,True,Peetsj
174638021,Quady,True,Bodhmall
174638682,Colandra,True,Zarramon
174638937,Malumebullio,False,Malumebullio
174639051,Deathdemon,True,Deathanddki
174639194,Vincentae,False,Vincentae
174639332,Arthurshélby,True,Arthúrshélby
174639499,Deathbigears,True,Deathanddki
174639653,Deathseekerv,True,Deathanddki
174639935,Gorkan,True,Bluether
174641065,Dutchmenn,False,Dutchmenn
174641289,Thawne,True,Decension
174662713,Angeloflife,False,Angeloflife
174688055,Maharét,False,Maharét
174821673,Fyrebeard,False,Fyrebeard
175294332,Silvermage,False,Silvermage
175300789,Stoneadin,False,Stoneadin
175328917,Lairiel,True,Relara
175368325,Lorénthia,True,Ajénal
175414242,Petitcoeur,False,Petitcoeur
175478234,Bloodrins,True,Otius
175478371,Kiany,True,Cealla
175504046,Gardarion,False,Gardarion
175504826,Demonglide,False,Demonglide
175523411,Shuey,False,Shuey
175680572,Chily,True,Otius
175857918,Makuta,True,Saeko
175865790,Sereneety,True,Zarramon
175893343,Fern,False,Fern
175898085,Ulfgrom,False,Ulfgrom
175953091,Faedra,False,Faedra
176055394,Darqshaman,True,Darq
176228664,Ruckus,False,Ruckus
176369182,Missdmeanor,False,Missdmeanor
176412556,Jamina,False,Jamina
176416503,Mayadik,False,Mayadik
176677135,Handfaste,False,Handfaste
176837926,Nairi,False,Nairi
176865904,Mudiwa,True,Saeko
176911637,Descarte,True,Handfaste
176959362,Tarwis,False,Tarwis
177078250,Hejtuur,False,Hejtuur
177153562,Kremonn,False,Kremonn
177155770,Cartron,True,Twiztednipz
177285040,Questro,True,Maximous
177293147,Sivara,True,Vados
177333770,Lawr,True,Desinty
177349722,Luckle,False,Luckle
177409164,Humanpaladin,True,Twiztednipz
177409200,Spodokomodo,True,Twiztednipz
177409291,Skrinx,True,Twiztednipz
177698382,Black,True,Visilya
177719478,Lupine,False,Lupine
177727943,Mistaweewee,True,Mistapeepee
177895892,Ceasar,True,Handfaste
178013061,Bryon,False,Bryon
178060397,Zandria,False,Zandria
178119449,Mikurix,True,Aradeni
178149604,Athemis,True,Aradeni
178295288,Aradeni,False,Aradeni
178332126,Bladesky,False,Bladesky
178397571,Krátós,False,Krátós
178477806,Bunnykins,True,Aradeni
178676904,Purrincess,True,Faedra
178779514,Imsneezy,True,Redhot
178961003,Nitarian,False,Nitarian
179042429,Vanísh,False,Vanísh
179136553,Nima,True,Relara
179158813,Imgrumpy,True,Redhot
179277698,Zalrias,False,Zalrias
179375522,Sharlaton,True,Zarramon
179396095,Menethill,False,Menethill
179396122,Bobleearrow,True,Menethill
179435749,Wîenna,True,Wîcca
179592276,Rosali,True,Relara
179717616,Caelenne,False,Caelenne
179718028,Lennaya,True,Caelenne
179800014,Wíggs,True,Demoniwiggz
179806650,Romen,False,Romen
179842150,Brámble,False,Brámble
179912109,Velvetvixen,True,Nytingale
179923203,Ruckle,True,Luckle
179923470,Beefyelf,False,Beefyelf
179964361,Vanith,True,Illawrath
179972375,Rogueckle,True,Luckle
179989359,Zajmoon,False,Zajmoon
180031291,Cyainasec,True,Cyainabit
180051284,Atheliss,True,Aradeni
180065513,Sillver,True,Aras
180068743,Threerivers,True,Beefyelf
180081403,Kungfupandaa,True,Zajmoon
180128488,Gryhm,True,Handfaste
180237481,Smokelock,False,Smokelock
180241075,Nakwena,True,Caelenne
180253383,Onebreath,True,Beefyelf
180261106,Snowyn,False,Snowyn
180319181,Lightstalker,False,Lightstalker
180328244,Taradan,False,Taradan
180337005,Tremac,False,Tremac
180374899,Zais,True,Aras
180410074,Sorrow,False,Sorrow
180468791,Sheep,True,Shadowsheep
180507331,Kenchoo,False,Kenchoo
180548139,Jaloh,True,Aras
180612112,Artaraz,True,Lightstalker
180638035,Pausechamp,True,Lightstalker
180676238,Lorthius,True,Kenchoo
180734700,Dentraki,False,Dentraki
180764298,Ayani,False,Ayani
180805007,Azsuna,True,Kenchoo
180917954,Sumera,True,Melissant
181060344,Shartman,False,Shartman
181093097,Ramsi,False,Ramsi
181098942,Tarwyss,True,Tarwis
181141202,Nytram,True,Kirkmeister
181259475,Strm,True,Aras
181318506,Draenerys,False,Draenerys
181338110,Riker,False,Riker
181351879,Ranith,True,Illawrath
181371263,Tarwiis,True,Tarwis
181526609,Slyd,True,Slyg
181533206,Onana,True,Primtah
181563304,Hqofficer,False,Hqofficer
181601973,Kirkgon,True,Kirkmeister
181767070,Donkraften,False,Donkraften
181822699,Diadora,True,Zandria
181853768,Everdeen,True,Lightstalker
181945997,Tzien,True,Illawrath
181981249,Panthro,True,Doragon
182000665,Kiharne,False,Kiharne
182006488,Salexe,False,Salexe
182023421,Bloodfist,True,Zandria
182067060,Quinax,False,Quinax
182256780,Olívíá,False,Olívíá
182269421,Suffusion,False,Suffusion
182276755,Elspeth,False,Elspeth
182325198,Snowblue,False,Snowblue
182340448,Mythtic,False,Mythtic
182343268,Eviblaze,False,Eviblaze
182363502,Skorps,False,Skorps
182380880,Legolàz,True,Zandria
182403939,Varrocks,False,Varrocks
182463516,Awoogah,False,Awoogah
182494185,Kenko,True,Guenevéré
182501694,Jericho,True,Theblueguy
182533300,Whitejuvel,False,Whitejuvel
182586779,Mogui,True,Hanana
182595360,Molnia,False,Molnia
182630987,Avvit,True,Shíftii
182636760,Scarlèt,True,Molnia
182646829,Tinytracker,True,Tinystab
182689815,Buladin,False,Buladin
182713858,Nest,False,Nest
182733415,Lumpolard,True,Shíftii
182766975,Tech,False,Tech
182769527,Sisyphus,False,Sisyphus
182844310,Tíger,False,Tíger
182857624,Babymorph,True,Hanana
182902447,Gizella,False,Gizella
182960650,Shifti,True,Shíftii
183039712,Nicho,False,Nicho
183079028,Sneezydk,False,Sneezydk
183120771,Dragodeath,True,Deathanddki
183168838,Tweara,True,Caelenne
183169515,Monkswool,False,Monkswool
183247816,Cheinna,True,Elspeth
183260602,Cannabissaa,True,Dutchmenn
183349856,Sellania,True,Caelenne
183358892,Summermoon,True,Aztella
183359298,Högervänster,False,Högervänster
183361849,Kirkdog,True,Kirkmeister
183458358,Jägerbomb,True,Shíftii
183490952,Fanatheil,True,Lightstalker
183516549,Tharwar,True,Tinystab
183679130,Mw,False,Mw
183698957,Arlyn,True,Iddybiddy
183705298,Doombar,True,Shíftii
183722300,Shädo,False,Shädo
183724840,Wackle,True,Luckle
183777873,Zérolove,True,Talisa
183793524,Danksvensson,False,Danksvensson
183819968,Apolo,False,Apolo
183944878,Myná,True,Myna
184056699,Otodlyadida,False,Otodlyadida
184137826,Amhere,True,Magefist
184167090,Drongo,False,Drongo
184169703,Krenling,True,Peetsj
184226753,Elysio,False,Elysio
184233438,Muschízerstö,False,Muschízerstö
184311499,Shadowfalen,False,Shadowfalen
184314184,Truaim,False,Truaim
184316447,Jordskred,False,Jordskred
184323457,Janiebanwen,False,Janiebanwen
184340634,Grenadier,False,Grenadier
184388414,Eversor,False,Eversor
184405219,Lotusblossom,True,Nytingale
184421434,Thelamon,False,Thelamon
184443397,Loftykonuk,False,Loftykonuk
184450819,Discoveries,True,Jamie
184456650,Zajmon,True,Zajmoon
184516415,Vairozpr,False,Vairozpr
184614473,Earthadin,False,Earthadin
184620715,Remara,True,Kaidence
184650441,Lighthoff,True,Aradeni
184653293,Xinthya,True,Hanana
184666144,Yueigami,False,Yueigami
184668917,Arthaniss,False,Arthaniss
184677070,Avan,True,Tremac
184736422,Walterwhite,False,Walterwhite
184736763,Mookí,False,Mookí
184742599,Chieara,False,Chieara
184801910,Durinar,True,Tremac
184815172,Précilla,False,Précilla
184829578,Callahan,False,Callahan
184837305,Moonkeeper,False,Moonkeeper
184838819,Alise,True,Elspeth
184852583,Michael,True,Jamie
185018485,Nessara,True,Elspeth
185027349,Tialli,False,Tialli
185082031,Sarcophagus,False,Sarcophagus
185088462,Thyma,True,Elspeth
185175594,Zalír,False,Zalír
185176004,Dralon,False,Dralon
185185529,Mezzino,False,Mezzino
185189029,Mechafrodo,False,Mechafrodo
185201043,Mini,True,Jamie
185225510,Marianneje,False,Marianneje
185251729,Esthar,True,Sofy
185253762,Zarise,False,Zarise
185292465,Físh,False,Físh
185349948,Andromache,False,Andromache
185357289,Fjutten,True,Magefist
185452062,Avgdmonnjoyr,True,Twiztednipz
185459293,Adjudicator,True,Theblueguy
185479834,Zenah,True,Daealla
185507303,Mikane,True,Kremonn
185509930,Thebeastess,True,Zarramon
185513791,Sherlyne,False,Sherlyne
185540441,Dio,False,Dio
185566373,Huntina,True,Velthelda
185566430,Totemiina,True,Velthelda
185578412,Tomchuk,False,Tomchuk
185638546,Loomkin,True,Darq
185723218,Stryike,True,Illawrath
185725294,Valkia,False,Valkia
185747569,Sleeptoken,False,Sleeptoken
185749020,Ståldk,False,Ståldk
185749667,Halley,True,Wîcca
185750293,Sophty,True,Jamie
185751641,Vorai,False,Vorai
185776517,Littleholy,False,Littleholy
185810292,Evisham,True,Eviblaze
185879766,Tinkerbellz,True,Lorrax
185902609,Elderflower,False,Elderflower
185928704,Lemixclaw,False,Lemixclaw
185931051,Arrax,True,Theblueguy
185948678,Nimrod,False,Nimrod
185956378,Ameili,True,Elspeth
185963061,Dracthilya,False,Dracthilya
186019504,Dismas,False,Dismas
186024405,Gatoula,True,Olgítsa
186030699,Woolferine,False,Woolferine
186031221,Howitzer,True,Buladin
186085907,Eltaco,True,Shíftii
186106354,Nothu,True,Kiharne
186110183,Warlóck,False,Warlóck
186120047,Karistos,False,Karistos
186130915,Mokkachino,False,Mokkachino
186138765,Vespin,True,Illawrath
186154489,Fistdance,False,Fistdance
186186564,Thump,False,Thump
186262680,Ibragen,True,Sneezydk
186275595,Danto,False,Danto
186298910,Huntaar,False,Huntaar
186316294,Shammyx,False,Shammyx
186346098,Dirtbag,True,Shíftii
186367925,Lene,True,Iddybiddy
186429174,Meryn,True,Elspeth
186453520,Kinshara,False,Kinshara
186490356,Bod,True,Kaidence
186492536,Ramppo,False,Ramppo
186507414,Lightsworn,False,Lightsworn
186514092,Evocus,False,Evocus
186544445,Sneezret,True,Sneezydk
186564989,Tootz,True,Iddybiddy
186565094,Nadja,True,Elspeth
186598400,Trefoil,True,Elspeth
186602989,Elissana,True,Elspeth
186605239,Ilok,True,Illawrath
186678557,Galgatur,False,Galgatur
186686159,Cradwick,False,Cradwick
186704366,Bosch,True,Otodlyadida
186712741,Williams,True,Callahan
186755462,Dripdrizzy,False,Dripdrizzy
186805324,Cippi,True,Primtah
186862104,Dannydan,False,Dannydan
186885600,Jayda,False,Jayda
186936707,Winifrida,True,Elspeth
186936711,Scyntillia,True,Elspeth
186946947,Prefired,True,Bryon
186955606,Arãchne,False,Arãchne
186959696,Tinkerboom,True,Iddybiddy
186980326,Chaoskungfu,False,Chaoskungfu
187011121,Smuckle,True,Luckle
187056347,Perthion,False,Perthion
187089008,Sneakyfk,False,Sneakyfk
187132836,Dizmagic,True,Diztruction
187162544,Irnbrü,True,Diztruction
187173792,Skyforge,False,Skyforge
187175624,Lildiz,True,Diztruction
187244611,Roghach,False,Roghach
187263856,Darkfury,False,Darkfury
187297196,Zemlebur,False,Zemlebur
187304767,Manicfluffy,True,Brámble
187308115,Monikamonk,False,Monikamonk
187320629,Catharsis,True,Andromache
187414810,Nalaea,True,Aras
187415120,Wisper,False,Wisper
187419514,Dawnsky,True,Lightstalker
187425410,Dïz,True,Diztruction
187454396,Amos,True,Draenerys
187468310,Jayla,True,Aras
187489184,Lupobianco,False,Lupobianco
187493899,Sharzam,False,Sharzam
187503170,Dizturbed,True,Diztruction
187534791,Eriwi,True,Caelenne
187590923,Diz,True,Diztruction
187607820,Wtdouservher,False,Wtdouservher
187607840,Uisce,True,Talasha
187652757,Buq,False,Buq
187660214,Illarith,True,Illawrath
187668859,Dianadruidka,True,Molnia
187679533,Paloma,False,Paloma
187696870,Fatfrodo,True,Mechafrodo
187698736,Dìz,True,Diztruction
187704157,Jest,False,Jest
187725797,Shinai,False,Shinai
187745373,Moonyy,False,Moonyy
187767292,Umbrya,False,Umbrya
187789956,Tix,False,Tix
187793684,Tanzanite,False,Tanzanite
187812157,Ossian,False,Ossian
187833162,Wednésday,False,Wednésday
187840389,Azyrelle,False,Azyrelle
187843179,Gumball,True,Dismas
187843356,Kaei,True,Illawrath
187856145,Nyarlathotep,False,Nyarlathotep
187860987,Churg,False,Churg
187869212,Lucen,False,Lucen
187879773,Euphoric,False,Euphoric
187910096,Ghostpaw,True,Lineerune
187916622,Neltharen,False,Neltharen
187934165,Elestra,True,Aiyone
187938482,Alya,True,Vados
187939717,Socalbarbie,True,Wtdouservher
187961883,Kettu,True,Umbrya
187965344,Daéndris,True,Molnia
187969085,Biigwolf,False,Biigwolf
187971529,Dumplin,True,Lightsworn
187993701,Himiko,True,Talasha
188039876,Gnomagéddon,False,Gnomagéddon
188043361,Asterinella,True,Bodhmall
188046709,Lantash,False,Lantash
188054650,Frodobeerbel,True,Mechafrodo
188056257,Corra,True,Elspeth
188061988,Inferii,False,Inferii
188062526,Jiraei,True,Daealla
188073740,Fallflame,True,Tialli
188084415,Lighttroll,True,Olgítsa
188085341,Talnaar,True,Zajmoon
188086840,Bodie,True,Troyster
188095618,Yuelin,True,Melissant
188104358,Lokkur,False,Lokkur
188112959,Zelmer,True,Otodlyadida
188114638,Rippa,True,Talasha
188123265,Marvello,True,Troopp
188143684,Lyrra,True,Umbrya
188150459,Spírals,False,Spírals
188161969,Ragemuffin,True,Dracthilya
188169991,Bigdaddycane,False,Bigdaddycane
188171847,Amarda,True,Elspeth
188172853,Mightypüss,False,Mightypüss
188188214,Leanansidhé,False,Leanansidhé
188192901,Darqremix,True,Darq
188195862,Toghairm,True,Talasha
188197218,Ecologicjer,False,Ecologicjer
188198884,Vibaldi,False,Vibaldi
188201402,Emberz,False,Emberz
188204159,Lemontart,True,Olgítsa
188215074,Faron,True,Elspeth
188215110,Margoroth,True,Elspeth
188215146,Dïzturbéd,True,Diztruction
188220217,Aoras,True,Aras
188231492,Battosai,True,Olgítsa
188231571,Perenelle,True,Elspeth
188239082,Shabbella,True,Shabba
188241852,Gwendy,False,Gwendy
188242225,Notthatdeep,True,Doragon
188246897,Plentymore,False,Plentymore
188254534,Wintermoon,True,Aztella
188256703,Jayveeshka,False,Jayveeshka
188279188,Ðemonicæ,False,Ðemonicæ
188294532,Sorra,True,Elspeth
188298178,Sollas,True,Talasha
188304275,Orbitculture,False,Orbitculture
188345428,Khadgay,True,Talasha
188362830,Felyeah,True,Shabba
188370146,Mattdaemón,False,Mattdaemón
188402279,Whops,True,Troyster
188416778,Iciclé,True,Troyster
188419312,Marlaw,False,Marlaw
188426247,Shadowcurse,True,Neltharen
188439677,Raana,False,Raana
188453655,Kathilin,False,Kathilin
188457906,Stunted,True,Theblueguy
188459741,Zhalgor,False,Zhalgor
188464795,Férnando,False,Férnando
188467958,Dïana,True,Molnia
188471957,Brayyjex,False,Brayyjex
188492490,Igonbuy,False,Igonbuy
188494220,Lyssra,False,Lyssra
188502992,Rutth,True,Elspeth
188506928,Necrofrodo,True,Mechafrodo
188531529,Troopmourne,True,Troopp
188541466,Kareina,True,Elspeth
188565614,Spellslinger,True,Theblueguy
188575962,Sagart,True,Talasha
188576467,Malcorn,True,Dismas
188579052,Triqs,False,Triqs
188584140,Wyra,True,Elspeth
188592056,Waria,True,Talasha
188592950,Sneeseism,True,Sneezydk
188604331,Satanistic,True,Zarramon
188625925,Aruun,False,Aruun
188643209,Blackwater,True,Fistdance
188699156,Kryon,False,Kryon
188702723,Stabby,False,Stabby
188730475,Olgaki,True,Olgítsa
188736652,Moltarn,False,Moltarn
188777640,Noratix,False,Noratix
188779825,Elementalism,True,Olgítsa
188783910,Loq,True,Buq
188784145,Ioannis,True,Olgítsa
188784765,Ramplock,True,Ramppo
188789301,Yoq,True,Buq
188793839,Voiddemon,False,Voiddemon
188798085,Demonioo,False,Demonioo
188808337,Deathglaive,True,Inferii
188853667,Artrog,False,Artrog
188857761,Frathia,False,Frathia
188858755,Grimstorm,False,Grimstorm
188872599,Froglover,False,Froglover
188895340,Jax,False,Jax
188906339,Aql,False,Aql
188913690,Caress,True,Inferii
188921052,Yannah,False,Yannah
188926335,Mikkedoos,True,Aradeni
188933700,Iwilldevouru,False,Iwilldevouru
188941583,Malerica,False,Malerica
188941613,Xenari,True,Malerica
188948655,Willems,False,Willems
188954085,Khaom,False,Khaom
188957121,Darqvoid,True,Darq
188957162,Igonbuye,False,Igonbuye
188958949,Chumlord,False,Chumlord
188958962,Silverlocks,False,Silverlocks
188967312,Kenaichi,False,Kenaichi
188969144,Lemontärt,True,Olgítsa
188969165,Rurouni,True,Olgítsa
188969423,Voidie,False,Voidie
188976142,Drienella,False,Drienella
188977227,Troopslayer,True,Troopp
188984248,Mornatix,True,Noratix
188986368,Bongex,False,Bongex
188999243,Corwin,False,Corwin
189008701,Passiflora,True,Froglover
189009824,Nallo,False,Nallo
189009869,Jerremelerry,True,Ecologicjer
189012729,Vorthos,True,Cyainabit
189016920,Galimemnon,True,Nallo
189031698,Wukong,True,Khaom
189033537,Mecharogue,False,Mecharogue
189036925,Papawilly,False,Papawilly
189039543,Frogfriend,True,Froglover
189040854,Mávis,True,Olívíá
189043323,Tankysmashy,False,Tankysmashy
189059970,Bolzebub,True,Nallo
189060208,Holyjer,True,Ecologicjer
189086929,Eviljer,True,Ecologicjer
189104883,Avantar,True,Olgítsa
189643701,Lamexxie,False,Lamexxie
190526546,Galadriél,False,Galadriél
190708276,Nìghtwolf,False,Nìghtwolf
190761370,Rèxy,True,Nìghtwolf
190940764,Nìghtblade,True,Nìghtwolf
191636166,Webnado,False,Webnado
192893549,Valevias,False,Valevias
193501343,Nightwítch,True,Galadriél
193966013,Dragonwítch,True,Galadriél
194086429,Valenthra,False,Valenthra
194093802,Rhaastfury,True,Valenthra
194165739,Brínn,False,Brínn
197118708,Kristha,False,Kristha
197974054,Wíggsy,True,Demoniwiggz
198097477,Wiggzard,True,Demoniwiggz
198873006,Ime,False,Ime
200089934,Wíggzz,True,Demoniwiggz
206877368,Dannia,False,Dannia
210084856,Alexsonny,False,Alexsonny
213463778,Manbearpigz,False,Manbearpigz
214342713,Bigwizard,True,Darkfury
215547654,Dididamoshni,False,Dididamoshni
217155785,Demonhunte,True,Demonglide
217843538,Sungjinwóo,False,Sungjinwóo
218054277,Trafalgarláw,True,Sungjinwóo
218111000,Kuroyukihimé,True,Sungjinwóo
218485096,Harukasakura,True,Sungjinwóo
218809278,Evimist,True,Eviblaze
218902306,Manjirou,True,Sungjinwóo
220637792,Sungjinwoó,True,Sungjinwóo
220703343,Darkchi,True,Darkfury
220737658,Smacit,True,Primtah
220856629,Chuknorrís,False,Chuknorrís
222090821,Lifecaller,True,Darkfury
222470238,Kuróyukihime,True,Sungjinwóo
222561645,Randalthór,True,Sungjinwóo
223117170,Loftykonuk,False,Loftykonuk
223121935,Verronah,False,Verronah
223163487,Alperin,True,Loftykonuk
223189455,Loftypanda,True,Loftykonuk
223330973,Cindarion,False,Cindarion
223485257,Mesay,False,Mesay
223813149,Simplefurion,True,Valenthra
224537808,Aquahoshino,True,Sungjinwóo
234085366,Cagallyx,True,Alexsonny
241752557,Cagallyz,True,Alexsonny
244354617,Alexissonny,True,Alexsonny
245106883,Alexiasonny,True,Alexsonny
245394173,Eviform,True,Eviblaze
251150225,Evì,True,Eviblaze
254697744,Alexiastory,True,Alexsonny
257380250,Eviwrath,True,Eviblaze
257548769,Hazl,False,Hazl
260676000,Døts,False,Døts
261761934,Flærry,True,Døts
264891146,Shinnyguy,True,Troopp
265279701,Spánktank,False,Spánktank
187085485,Froglady,True,Froglover
188839263,Vaelorian,False,Vaelorian
182704273,Parabatai,True,Doragon
183376840,Dooms,False,Dooms
187103943,Hibisham,False,Hibisham
189076849,Dwzed,False,Dwzed
189094322,Chan,False,Chan
174122537,Aná,False,Aná
173097809,Warghas,True,Hamboy
189076917,Lücie,False,Lücie
189112842,Foster,False,Foster
178170479,Ranier,False,Ranier
174561256,Nemeyeth,True,Ceyro
189071813,Mechman,True,Drienella
185888386,Tekkart,False,Tekkart
172517427,Tayosah,False,Tayosah
188848798,Ramprry,True,Ramppo
172274600,Gróin,False,Gróin
188315438,Arísu,True,Doragon
172608110,Diablô,False,Diablô
189003780,Naraye,True,Galgatur
188832505,Kyns,False,Kyns
189025408,Novelyn,False,Novelyn
189087077,Izkelia,False,Izkelia
182660821,Whysyo,False,Whysyo
186551132,Kreiniz,False,Kreiniz
188864002,Zyra,False,Zyra
188574071,Arwin,False,Arwin
186057991,Nocticula,False,Nocticula
182537350,Morrpheus,True,Menethill
189109694,Jossei,True,Kreiniz
189124233,Somnys,True,Malerica
185807191,Minkin,False,Minkin
172971968,Violetwhite,True,Rosestormrag
774433,Unwanted,True,Hotmezz
188947526,Aegohn,True,Arwin
189128568,Bluealien,True,Varrocks
189125131,Abcd,True,Twiztednipz
189117870,Deathyjer,True,Ecologicjer
224258272,Falset,False,Falset
186613711,Juren,True,Kreiniz
